customer_id,age,district,family_size,destination_country,job_type,years_abroad,remittance_channel,monthly_remit_npr,remit_frequency_days,days_since_last_transfer,cash_gap_days,monthly_household_expense,monthly_surplus_npr,existing_loans,savings_balance_npr,bank_account_age_months,remit_consistency_score,debt_to_income_ratio,financial_stress_score,remit_momentum,savings_coverage_months,reliability_index,affordability_score,remit_expense_ratio,overdue_risk_score,dest_stability_score,experience_tier,vulnerability_flag,creditworthiness_score,will_repay,recommended_loan_npr,recommended_emi_months,zero_interest_eligible
NRM-1000,50,Bhaktapur,7,Qatar,Construction,6.9,Bank Transfer,25888,15,4,11,30079,-4191,0,78353,86,0.999,0.0,0.571,0.823,2.6,0.95,-0.312,0.861,0.267,0.8,Senior (3-7yr),0,64.5,1,33360,2,1
NRM-1001,36,Butwal,3,UAE,Security Guard,0.6,Bank Transfer,21238,15,23,0,11541,9697,0,31406,84,0.545,0.0,0.831,1.047,2.72,0.723,0.307,1.84,1.0,0.85,New (<1yr),0,65.2,1,26477,2,0
NRM-1002,29,Lalitpur,5,UAE,Factory Worker,9.3,Hundi,25040,60,6,54,18860,6180,0,51428,89,0.991,0.0,0.341,0.79,2.73,0.616,0.097,1.328,0.1,0.85,Veteran (7+yr),0,61.8,1,25650,2,1
NRM-1003,42,Butwal,5,South Korea,Domestic Worker,0.9,Bank Transfer,15111,30,32,0,21095,-5984,0,23777,79,0.727,0.0,0.985,0.973,1.13,0.763,-0.546,0.716,1.0,0.95,New (<1yr),0,58.1,1,13078,1,0
NRM-1004,40,Butwal,6,Malaysia,Security Guard,9.1,Western Union,26337,45,18,27,31638,-5301,1,57939,113,0.967,0.57,0.707,0.797,1.83,0.744,-0.351,0.832,0.4,0.72,Veteran (7+yr),0,55.8,1,28943,2,0
NRM-1005,44,Dharan,2,Saudi Arabia,Construction,2.8,Western Union,21968,45,15,30,12094,9874,2,53026,93,0.977,1.37,0.487,0.897,4.38,0.749,0.299,1.816,0.333,0.68,Mid (1-3yr),0,66.1,1,19554,1,0
NRM-1006,32,Dharan,2,Qatar,Security Guard,11.5,Bank Transfer,31411,45,40,5,8368,23043,0,29553,72,0.993,0.0,0.462,0.791,3.53,0.847,0.584,3.754,0.889,0.8,Veteran (7+yr),0,74.8,1,45964,3,1
NRM-1007,32,Lalitpur,4,Kuwait,Driver,4.7,Bank Transfer,26808,60,73,0,22504,4304,1,23548,37,0.958,0.56,0.889,0.865,1.05,0.779,0.011,1.191,1.0,0.78,Senior (3-7yr),0,56.0,1,30363,2,0
NRM-1008,45,Butwal,6,Qatar,Construction,4.3,Prabhu Money,25351,30,74,0,24726,625,1,63221,49,0.933,0.59,1.0,0.868,2.56,0.806,-0.125,1.025,1.0,0.8,Senior (3-7yr),0,55.2,1,25910,2,0
NRM-1009,57,Bhaktapur,5,Qatar,Factory Worker,2.2,Hundi,21791,15,84,0,27695,-5904,1,37265,52,0.875,0.69,1.0,0.92,1.35,0.708,-0.421,0.787,1.0,0.8,Mid (1-3yr),0,53.5,1,29121,2,0
NRM-1010,45,Pokhara,7,UAE,Domestic Worker,4.0,Western Union,16567,30,6,24,31122,-14555,0,40701,33,0.962,0.0,0.831,0.833,1.31,0.791,-1.0,0.532,0.2,0.85,Senior (3-7yr),0,57.6,1,19028,1,1
NRM-1011,24,Lalitpur,2,Qatar,Security Guard,10.6,Bank Transfer,23890,30,63,0,11810,12080,2,51287,22,0.977,1.26,1.0,0.772,4.34,0.889,0.356,2.023,1.0,0.8,Veteran (7+yr),0,62.9,1,24296,2,0
NRM-1012,43,Chitwan,5,Kuwait,Construction,12.0,Hundi,35231,15,67,0,30825,4406,0,6727,114,0.997,0.0,1.0,0.799,0.22,0.768,-0.025,1.143,1.0,0.78,Veteran (7+yr),1,45.1,1,48209,3,1
NRM-1013,23,Butwal,2,Malaysia,Driver,4.7,Bank Transfer,33845,30,11,19,8012,25833,0,50717,111,0.938,0.0,0.241,0.888,6.33,0.869,0.613,4.224,0.367,0.72,Senior (3-7yr),0,79.5,1,47620,3,1
NRM-1014,45,Lalitpur,2,Qatar,Construction,5.7,Hundi,25772,45,43,2,10164,15608,0,32427,5,0.949,0.0,0.54,0.842,3.19,0.645,0.456,2.536,0.956,0.8,Senior (3-7yr),0,66.8,1,32758,2,0
NRM-1015,51,Kathmandu,2,Saudi Arabia,Technician,8.8,Prabhu Money,44259,30,17,13,12246,32013,0,16692,103,0.994,0.0,0.337,0.852,1.36,0.837,0.573,3.614,0.567,0.68,Veteran (7+yr),0,75.3,1,36862,2,1
NRM-1016,23,Kathmandu,7,Japan,Driver,10.7,Bank Transfer,36508,30,4,26,26201,10307,0,31625,18,0.992,0.0,0.34,0.814,1.21,0.896,0.132,1.393,0.133,0.93,Veteran (7+yr),0,71.1,1,43679,3,1
NRM-1017,42,Dharan,6,South Korea,Factory Worker,7.3,Bank Transfer,30227,45,63,0,24030,6197,0,24918,38,0.996,0.0,0.878,0.833,1.04,0.848,0.055,1.258,1.0,0.95,Veteran (7+yr),0,60.9,1,40332,3,1
NRM-1018,54,Pokhara,7,Saudi Arabia,Domestic Worker,5.0,Bank Transfer,18424,30,68,0,27447,-9023,0,41136,118,0.984,0.0,1.0,0.821,1.5,0.892,-0.64,0.671,1.0,0.68,Senior (3-7yr),0,54.8,1,16499,1,1
NRM-1019,33,Bhaktapur,3,South Korea,Factory Worker,5.2,Bank Transfer,24183,15,81,0,17292,6891,1,52409,117,0.953,0.62,1.0,0.844,3.03,0.926,0.135,1.399,1.0,0.95,Senior (3-7yr),0,62.8,1,23217,2,0
NRM-1020,43,Pokhara,5,Japan,Security Guard,8.5,Bank Transfer,24477,45,41,4,26860,-2383,1,15577,37,0.987,0.61,0.87,0.797,0.58,0.843,-0.247,0.911,0.911,0.93,Veteran (7+yr),0,54.7,1,34702,2,0
NRM-1021,46,Pokhara,6,Malaysia,Construction,0.5,Bank Transfer,25885,30,83,0,28152,-2267,0,27689,94,0.947,0.0,1.0,1.085,0.98,0.873,-0.238,0.919,1.0,0.72,New (<1yr),0,58.7,1,21072,2,1
NRM-1022,48,Pokhara,6,Qatar,Technician,7.6,IME,45298,45,5,40,22974,22324,1,11154,115,0.986,0.33,0.314,0.869,0.49,0.798,0.343,1.972,0.111,0.8,Veteran (7+yr),0,67.0,1,60106,3,0
NRM-1023,49,Pokhara,6,UAE,Driver,4.6,Hundi,26305,15,32,0,24894,1411,1,21341,95,0.936,0.57,1.0,0.865,0.86,0.738,-0.096,1.057,1.0,0.85,Senior (3-7yr),0,52.8,1,29767,2,0
NRM-1024,37,Chitwan,6,South Korea,Driver,9.6,Bank Transfer,32103,45,86,0,29784,2319,1,74681,64,0.98,0.47,1.0,0.812,2.51,0.84,-0.078,1.078,1.0,0.95,Veteran (7+yr),0,57.4,1,35722,2,0
NRM-1025,36,Chitwan,7,Qatar,Construction,1.6,Prabhu Money,28421,30,70,0,27230,1191,0,46330,10,0.922,0.0,1.0,0.978,1.7,0.801,-0.108,1.044,1.0,0.8,Mid (1-3yr),0,56.7,1,22877,2,0
NRM-1026,24,Dharan,6,South Korea,Technician,7.3,Bank Transfer,44927,30,35,0,30114,14813,1,68416,79,0.993,0.33,0.801,0.873,2.27,0.897,0.18,1.492,1.0,0.95,Veteran (7+yr),0,66.4,1,61710,3,0
NRM-1027,28,Lalitpur,4,Qatar,Construction,6.0,Prabhu Money,32667,30,22,8,15520,17147,2,33313,42,0.951,0.92,0.617,0.86,2.15,0.815,0.375,2.105,0.733,0.8,Senior (3-7yr),0,68.5,1,34361,2,0
NRM-1028,42,Kathmandu,5,Qatar,Security Guard,7.9,Bank Transfer,26999,45,65,0,21205,5794,1,46900,48,0.969,0.56,0.959,0.814,2.21,0.834,0.065,1.273,1.0,0.8,Veteran (7+yr),0,57.0,1,31819,2,0
NRM-1029,30,Pokhara,6,UAE,Factory Worker,1.2,IME,21705,30,84,0,33060,-11355,0,78840,44,0.93,0.0,1.0,0.98,2.38,0.82,-0.673,0.657,1.0,0.85,Mid (1-3yr),0,58.0,1,27654,2,1
NRM-1030,39,Dharan,5,Qatar,Driver,7.2,Western Union,32271,30,22,8,21595,10676,0,34695,82,0.997,0.0,0.561,0.841,1.61,0.809,0.181,1.494,0.733,0.8,Veteran (7+yr),0,65.0,1,41688,3,1
NRM-1031,25,Lalitpur,4,Kuwait,Security Guard,7.0,IME,25627,60,11,49,16688,8939,1,30225,87,0.998,0.59,0.4,0.821,1.81,0.754,0.199,1.536,0.183,0.78,Senior (3-7yr),0,65.8,1,37650,2,0
NRM-1032,46,Kathmandu,4,Malaysia,Factory Worker,6.9,Prabhu Money,23747,45,77,0,24240,-493,0,49156,97,0.995,0.0,1.0,0.814,2.03,0.787,-0.171,0.98,1.0,0.72,Senior (3-7yr),0,52.7,1,27830,2,1
NRM-1033,35,Butwal,5,Malaysia,Security Guard,7.4,Bank Transfer,25131,30,3,27,26355,-1224,0,77209,16,0.976,0.0,0.459,0.813,2.93,0.888,-0.199,0.954,0.1,0.72,Veteran (7+yr),0,63.3,1,27136,2,1
NRM-1034,30,Bhaktapur,2,Saudi Arabia,Technician,8.3,Prabhu Money,44461,45,9,36,12992,31469,0,27829,54,0.966,0.0,0.197,0.859,2.14,0.773,0.558,3.422,0.2,0.68,Veteran (7+yr),0,75.6,1,65250,3,1
NRM-1035,47,Chitwan,3,Qatar,Driver,9.8,Bank Transfer,30329,30,60,0,14133,16196,1,25938,102,0.985,0.49,1.0,0.804,1.84,0.892,0.384,2.146,1.0,0.8,Veteran (7+yr),0,64.0,1,37895,2,0
NRM-1036,23,Butwal,2,UAE,Construction,3.6,Bank Transfer,28960,30,76,0,8858,20102,1,59164,35,0.93,0.52,1.0,0.899,6.68,0.865,0.544,3.269,1.0,0.85,Senior (3-7yr),0,68.7,1,29212,2,0
NRM-1037,41,Kathmandu,2,Saudi Arabia,Construction,10.0,Bank Transfer,32358,30,87,0,10078,22280,0,54530,98,0.987,0.0,1.0,0.808,5.41,0.893,0.539,3.211,1.0,0.68,Veteran (7+yr),0,65.4,1,28750,2,1
NRM-1038,49,Butwal,7,UAE,Factory Worker,6.2,Hundi,30177,60,14,46,30884,-707,2,68199,28,0.966,0.99,0.636,0.849,2.21,0.603,-0.173,0.977,0.233,0.85,Senior (3-7yr),0,56.0,1,41939,3,0
NRM-1039,28,Bhaktapur,2,Qatar,Domestic Worker,1.4,Bank Transfer,13453,60,18,42,8286,5167,0,60282,2,0.843,0.0,0.366,0.917,7.28,0.722,0.234,1.624,0.3,0.8,Mid (1-3yr),0,68.0,1,14173,1,0
NRM-1040,29,Dharan,6,UAE,Technician,1.2,Hundi,33009,30,73,0,23556,9453,1,47801,94,0.957,0.45,1.0,1.022,2.03,0.698,0.136,1.401,1.0,0.85,Mid (1-3yr),0,58.2,1,41668,3,0
NRM-1041,56,Kathmandu,7,UAE,Factory Worker,4.3,Hundi,25852,30,23,7,28007,-2155,1,9465,13,0.975,0.58,0.807,0.87,0.34,0.707,-0.233,0.923,0.767,0.85,Senior (3-7yr),1,49.8,1,29201,2,0
NRM-1042,35,Butwal,7,Japan,Domestic Worker,9.5,IME,21331,30,74,0,29603,-8272,1,3326,41,0.98,0.7,1.0,0.772,0.11,0.845,-0.538,0.721,1.0,0.93,Veteran (7+yr),1,47.8,1,20035,2,0
NRM-1043,38,Chitwan,4,South Korea,Security Guard,8.6,IME,27280,60,83,0,19132,8148,2,3659,80,0.998,1.1,0.967,0.806,0.19,0.754,0.149,1.426,1.0,0.95,Veteran (7+yr),0,50.6,1,33313,2,0
NRM-1044,57,Chitwan,2,UAE,Technician,9.6,Hundi,46147,60,47,13,11236,34911,0,60289,59,0.989,0.0,0.411,0.848,5.37,0.614,0.607,4.107,0.783,0.85,Veteran (7+yr),0,71.8,1,38877,2,1
NRM-1045,25,Lalitpur,4,Saudi Arabia,Security Guard,6.4,Bank Transfer,21237,30,69,0,24100,-2863,1,27594,69,0.975,0.71,1.0,0.811,1.14,0.887,-0.285,0.881,1.0,0.68,Senior (3-7yr),0,54.5,1,23134,2,0
NRM-1046,23,Butwal,5,Malaysia,Driver,5.6,Bank Transfer,30261,45,47,0,19780,10481,0,4763,119,0.947,0.0,0.679,0.86,0.24,0.823,0.196,1.53,1.0,0.72,Senior (3-7yr),0,55.4,1,35787,2,1
NRM-1047,27,Pokhara,3,Qatar,Technician,2.2,Bank Transfer,36975,45,87,0,17208,19767,1,10828,92,0.935,0.41,1.0,0.973,0.63,0.818,0.385,2.149,1.0,0.8,Mid (1-3yr),0,61.0,1,40865,3,0
NRM-1048,25,Butwal,7,South Korea,Domestic Worker,4.3,Bank Transfer,17571,30,30,0,26530,-8959,1,47588,53,0.943,0.85,1.0,0.832,1.79,0.872,-0.66,0.662,1.0,0.95,Senior (3-7yr),0,58.5,1,23265,2,0
NRM-1049,50,Dharan,5,South Korea,Driver,5.5,Bank Transfer,34162,15,25,0,22095,12067,1,11221,103,0.976,0.44,0.992,0.873,0.51,0.938,0.203,1.546,1.0,0.95,Senior (3-7yr),0,60.1,1,47128,3,0
NRM-1050,39,Kathmandu,5,UAE,Construction,1.5,Bank Transfer,27690,30,28,2,29195,-1505,0,11211,45,0.841,0.0,0.795,0.982,0.38,0.82,-0.204,0.948,0.933,0.85,Mid (1-3yr),0,54.9,1,37101,2,1
NRM-1051,47,Kathmandu,6,UAE,Domestic Worker,3.0,Prabhu Money,18334,45,25,20,32814,-14480,1,13569,20,0.94,0.82,1.0,0.872,0.41,0.76,-0.94,0.559,0.556,0.85,Mid (1-3yr),0,48.9,0,0,1,0
NRM-1052,55,Dharan,3,Qatar,Factory Worker,7.4,Hundi,29234,45,74,0,12765,16469,0,37860,24,0.964,0.0,0.832,0.828,2.97,0.652,0.413,2.29,1.0,0.8,Veteran (7+yr),0,61.5,1,27359,2,1
NRM-1053,31,Butwal,5,UAE,Construction,9.0,Bank Transfer,30490,30,78,0,25790,4700,0,71558,61,0.986,0.0,1.0,0.813,2.77,0.893,0.004,1.182,1.0,0.85,Veteran (7+yr),0,57.4,1,35844,2,1
NRM-1054,57,Dharan,5,Qatar,Construction,12.0,Hundi,36908,60,58,2,26670,10238,1,45337,91,0.985,0.41,0.742,0.803,1.7,0.612,0.127,1.384,0.967,0.8,Veteran (7+yr),0,55.8,1,53678,3,0
NRM-1055,35,Bhaktapur,3,South Korea,Factory Worker,11.2,Bank Transfer,32116,30,41,0,14418,17698,0,52311,94,0.983,0.0,0.726,0.796,3.63,0.892,0.401,2.227,1.0,0.95,Veteran (7+yr),0,70.6,1,44463,3,1
NRM-1056,52,Dharan,3,Qatar,Technician,7.9,Hundi,44396,30,25,5,15201,29195,1,13515,58,0.984,0.34,0.537,0.863,0.89,0.712,0.508,2.921,0.833,0.8,Veteran (7+yr),0,68.8,1,61700,3,0
NRM-1057,36,Chitwan,5,UAE,Construction,5.3,Western Union,31029,45,78,0,26845,4184,0,71695,109,0.992,0.0,1.0,0.868,2.67,0.756,-0.015,1.156,1.0,0.85,Senior (3-7yr),0,54.7,1,31408,2,1
NRM-1058,29,Dharan,3,Kuwait,Domestic Worker,7.8,Hundi,19847,45,48,0,11628,8219,0,24904,27,0.996,0.0,0.661,0.784,2.14,0.668,0.264,1.707,1.0,0.78,Veteran (7+yr),0,60.5,1,21843,2,1
NRM-1059,35,Kathmandu,5,Malaysia,Driver,9.5,Hundi,36167,30,10,20,23395,12772,1,59935,26,0.999,0.41,0.459,0.824,2.56,0.72,0.203,1.546,0.333,0.72,Veteran (7+yr),0,63.3,1,40850,3,0
NRM-1060,44,Chitwan,5,UAE,Construction,1.9,Prabhu Money,22478,30,75,0,20035,2443,0,43790,7,0.862,0.0,1.0,0.938,2.19,0.771,-0.041,1.122,1.0,0.85,Mid (1-3yr),0,56.1,1,20458,2,0
NRM-1061,42,Kathmandu,6,Qatar,Domestic Worker,5.2,IME,18159,30,11,19,29616,-11457,0,68580,42,0.986,0.0,0.799,0.816,2.32,0.848,-0.781,0.613,0.367,0.8,Senior (3-7yr),0,58.5,1,14922,1,1
NRM-1062,37,Lalitpur,2,Qatar,Security Guard,10.2,Western Union,25909,30,85,0,12150,13759,1,75148,47,0.994,0.58,1.0,0.784,6.19,0.807,0.381,2.132,1.0,0.8,Veteran (7+yr),0,61.6,1,37900,2,0
NRM-1063,39,Pokhara,5,Saudi Arabia,Domestic Worker,4.9,Hundi,21401,30,21,9,20290,1111,0,5636,53,0.955,0.0,0.659,0.838,0.28,0.697,-0.098,1.055,0.7,0.68,Senior (3-7yr),1,48.1,1,20726,2,1
NRM-1064,45,Kathmandu,4,Qatar,Driver,7.1,Western Union,34717,30,86,0,23228,11489,1,77129,59,0.986,0.43,1.0,0.85,3.32,0.803,0.181,1.495,1.0,0.8,Veteran (7+yr),0,58.4,1,33604,2,0
NRM-1065,47,Chitwan,7,Saudi Arabia,Domestic Worker,7.3,Bank Transfer,21796,45,45,0,27440,-5644,0,2892,38,0.979,0.0,0.904,0.8,0.11,0.84,-0.409,0.794,1.0,0.68,Veteran (7+yr),1,45.7,1,18708,1,1
NRM-1066,46,Lalitpur,2,Japan,Factory Worker,2.6,Bank Transfer,25496,30,7,23,10104,15392,1,21672,69,0.981,0.59,0.319,0.919,2.14,0.891,0.454,2.523,0.233,0.93,Mid (1-3yr),0,79.3,1,36968,2,0
NRM-1067,50,Kathmandu,2,Qatar,Driver,4.7,Bank Transfer,29999,45,81,0,7606,22393,1,5812,87,0.939,0.5,0.888,0.876,0.76,0.819,0.596,3.944,1.0,0.8,Senior (3-7yr),0,66.8,1,36173,2,0
NRM-1068,36,Bhaktapur,2,South Korea,Technician,4.3,Hundi,44352,45,64,0,8882,35470,1,654,92,0.941,0.34,0.716,0.924,0.07,0.64,0.65,4.993,1.0,0.95,Senior (3-7yr),0,62.1,1,56190,3,0
NRM-1069,22,Dharan,6,Japan,Security Guard,0.8,Hundi,19513,30,64,0,36534,-17021,0,54633,98,0.676,0.0,1.0,1.01,1.5,0.558,-1.0,0.534,1.0,0.93,New (<1yr),0,53.0,0,0,1,0
NRM-1070,46,Pokhara,5,Qatar,Factory Worker,0.8,Bank Transfer,21284,15,2,13,24005,-2721,1,17143,53,0.847,0.7,0.571,1.019,0.71,0.874,-0.278,0.887,0.133,0.8,New (<1yr),0,62.7,1,22176,2,0
NRM-1071,28,Kathmandu,6,South Korea,Technician,10.1,Prabhu Money,38799,45,76,0,27534,11265,1,55934,15,0.977,0.39,1.0,0.825,2.03,0.779,0.14,1.409,1.0,0.95,Veteran (7+yr),0,58.9,1,47918,3,0
NRM-1072,30,Lalitpur,5,UAE,Domestic Worker,3.6,Prabhu Money,19304,30,42,0,28275,-8971,1,67334,96,0.988,0.78,1.0,0.859,2.38,0.834,-0.615,0.683,1.0,0.85,Senior (3-7yr),0,56.5,1,15967,1,0
NRM-1073,45,Bhaktapur,6,South Korea,Driver,6.5,Western Union,33077,45,82,0,34890,-1813,0,29087,26,1.0,0.0,1.0,0.853,0.83,0.76,-0.205,0.948,1.0,0.95,Senior (3-7yr),0,54.3,1,30786,2,1
NRM-1074,22,Butwal,6,Saudi Arabia,Security Guard,3.9,Hundi,21210,45,54,0,34614,-13404,1,11618,48,0.998,0.71,1.0,0.86,0.34,0.669,-0.782,0.613,1.0,0.68,Senior (3-7yr),0,43.2,1,29309,2,0
NRM-1075,29,Lalitpur,7,Saudi Arabia,Factory Worker,11.3,IME,26841,45,75,0,37289,-10448,1,8446,95,0.984,0.56,1.0,0.777,0.23,0.797,-0.539,0.72,1.0,0.68,Veteran (7+yr),1,44.1,1,35879,2,0
NRM-1076,45,Dharan,4,Saudi Arabia,Technician,3.5,Bank Transfer,42306,60,16,44,20212,22094,0,48867,19,0.961,0.0,0.298,0.94,2.42,0.78,0.372,2.093,0.267,0.68,Senior (3-7yr),0,71.8,1,44228,3,1
NRM-1077,32,Lalitpur,6,South Korea,Technician,5.4,IME,33068,30,18,12,25152,7916,0,51028,9,0.971,0.0,0.544,0.872,2.03,0.841,0.089,1.315,0.6,0.95,Senior (3-7yr),0,67.0,1,35176,2,0
NRM-1078,38,Bhaktapur,7,Malaysia,Security Guard,10.5,Bank Transfer,28725,30,59,0,26278,2447,1,60101,64,1.0,0.52,1.0,0.791,2.29,0.9,-0.065,1.093,1.0,0.72,Veteran (7+yr),0,55.2,1,33708,2,0
NRM-1079,29,Lalitpur,3,UAE,Domestic Worker,10.2,IME,25596,30,16,14,14934,10662,0,27200,93,0.988,0.0,0.447,0.783,1.82,0.849,0.267,1.714,0.533,0.85,Veteran (7+yr),0,69.4,1,20481,2,1
NRM-1080,56,Bhaktapur,4,South Korea,Security Guard,2.6,Bank Transfer,20543,30,6,24,23200,-2657,2,61465,54,0.917,1.46,0.665,0.897,2.65,0.859,-0.279,0.885,0.2,0.95,Mid (1-3yr),0,64.2,1,19903,1,0
NRM-1081,56,Kathmandu,6,Qatar,Technician,9.7,IME,39414,30,57,0,22536,16878,1,39148,51,0.986,0.38,1.0,0.831,1.74,0.848,0.278,1.749,1.0,0.8,Veteran (7+yr),0,61.2,1,37276,2,0
NRM-1082,54,Bhaktapur,2,Qatar,Construction,5.8,Prabhu Money,30057,30,47,0,11860,18197,1,20698,39,0.962,0.5,0.851,0.855,1.75,0.821,0.455,2.534,1.0,0.8,Senior (3-7yr),0,66.7,1,29315,2,0
NRM-1083,26,Bhaktapur,3,Qatar,Factory Worker,6.1,Bank Transfer,29017,60,48,12,11823,17194,0,42470,4,0.989,0.0,0.483,0.847,3.59,0.794,0.443,2.454,0.8,0.8,Senior (3-7yr),0,71.2,1,39583,2,0
NRM-1084,49,Pokhara,3,UAE,Security Guard,2.0,Hundi,20825,30,42,0,16143,4682,0,51660,3,0.878,0.0,0.87,0.925,3.2,0.659,0.075,1.29,1.0,0.85,Mid (1-3yr),0,56.6,1,20736,2,0
NRM-1085,28,Bhaktapur,7,Qatar,Technician,1.4,Prabhu Money,42291,30,76,0,43022,-731,2,53910,64,0.874,0.71,1.0,1.032,1.25,0.777,-0.167,0.983,1.0,0.8,Mid (1-3yr),0,56.9,1,39502,2,0
NRM-1086,30,Bhaktapur,3,Kuwait,Domestic Worker,8.9,Hundi,19504,30,60,0,13839,5665,0,35450,29,0.993,0.0,1.0,0.769,2.56,0.716,0.14,1.409,1.0,0.78,Veteran (7+yr),0,53.9,1,22487,2,1
NRM-1087,29,Butwal,4,Qatar,Technician,6.2,IME,40122,15,77,0,23748,16374,1,56463,116,0.989,0.37,1.0,0.878,2.38,0.899,0.258,1.689,1.0,0.8,Senior (3-7yr),0,62.8,1,56409,3,0
NRM-1088,33,Kathmandu,6,Saudi Arabia,Domestic Worker,5.5,Hundi,20451,15,4,11,24486,-4035,0,33757,11,0.966,0.0,0.586,0.822,1.38,0.753,-0.347,0.835,0.267,0.68,Senior (3-7yr),0,57.6,1,19815,1,0
NRM-1089,55,Dharan,6,Qatar,Security Guard,8.9,Bank Transfer,28558,30,2,28,31410,-2852,0,78012,97,0.972,0.0,0.467,0.807,2.48,0.886,-0.25,0.909,0.067,0.8,Veteran (7+yr),0,64.2,1,24416,2,1
NRM-1090,54,Pokhara,2,South Korea,Domestic Worker,9.3,Bank Transfer,20525,15,59,0,12290,8235,0,70247,102,0.987,0.0,1.0,0.77,5.72,0.943,0.251,1.67,1.0,0.95,Veteran (7+yr),0,64.4,1,21540,2,1
NRM-1091,44,Butwal,7,Japan,Driver,2.3,Bank Transfer,30340,30,27,3,24626,5714,0,72015,58,0.966,0.0,0.685,0.949,2.92,0.883,0.038,1.232,0.9,0.93,Mid (1-3yr),0,65.7,1,40150,3,1
NRM-1092,45,Chitwan,2,UAE,Driver,7.5,IME,32150,45,27,18,9248,22902,2,31390,75,0.965,0.93,0.488,0.836,3.39,0.788,0.562,3.476,0.6,0.85,Veteran (7+yr),0,73.9,1,38113,2,0
NRM-1093,56,Kathmandu,3,South Korea,Driver,2.1,Bank Transfer,26347,45,79,0,18462,7885,0,56116,27,0.904,0.0,0.983,0.944,3.04,0.802,0.149,1.427,1.0,0.95,Mid (1-3yr),0,61.7,1,36141,2,1
NRM-1094,43,Kathmandu,2,Qatar,Construction,9.1,Hundi,27682,45,72,0,9760,17922,0,13161,97,0.985,0.0,0.781,0.802,1.35,0.663,0.497,2.836,1.0,0.8,Veteran (7+yr),0,63.8,1,40740,3,1
NRM-1095,48,Chitwan,4,Malaysia,Security Guard,8.1,Hundi,27937,30,7,23,20260,7677,0,32152,21,0.982,0.0,0.383,0.815,1.59,0.711,0.125,1.379,0.233,0.72,Veteran (7+yr),0,62.6,1,37850,2,1
NRM-1096,56,Dharan,6,Qatar,Technician,11.5,Hundi,39844,45,63,0,33480,6364,0,20836,39,0.995,0.0,0.896,0.815,0.62,0.667,0.01,1.19,1.0,0.8,Veteran (7+yr),0,48.9,1,48715,3,1
NRM-1097,22,Bhaktapur,3,South Korea,Technician,1.3,IME,33667,45,46,0,16479,17188,0,66543,95,0.855,0.0,0.605,1.016,4.04,0.733,0.361,2.043,1.0,0.95,Mid (1-3yr),0,71.0,1,38560,2,1
NRM-1098,56,Butwal,2,Qatar,Construction,1.2,Prabhu Money,22747,30,63,0,10094,12653,1,55648,102,0.91,0.66,1.0,0.985,5.51,0.795,0.406,2.254,1.0,0.8,Mid (1-3yr),0,64.8,1,18835,1,0
NRM-1099,35,Lalitpur,7,Saudi Arabia,Domestic Worker,3.7,Hundi,19852,45,12,33,30527,-10675,0,26331,46,0.919,0.0,0.722,0.859,0.86,0.63,-0.688,0.65,0.267,0.68,Senior (3-7yr),0,51.6,1,29560,2,1
NRM-1100,24,Pokhara,4,Malaysia,Construction,3.5,IME,27936,30,13,17,14616,13320,0,10763,66,0.959,0.0,0.383,0.899,0.74,0.834,0.327,1.911,0.433,0.72,Senior (3-7yr),0,68.3,1,29847,2,1
NRM-1101,22,Lalitpur,4,Qatar,Domestic Worker,3.3,IME,19121,45,43,2,17616,1505,0,69444,91,0.956,0.0,0.751,0.866,3.94,0.783,-0.071,1.085,0.956,0.8,Senior (3-7yr),0,58.3,1,17334,1,1
NRM-1102,26,Chitwan,2,Qatar,Domestic Worker,10.9,Hundi,22197,60,17,43,9538,12659,2,19187,36,0.984,1.35,0.419,0.762,2.01,0.612,0.42,2.327,0.283,0.8,Veteran (7+yr),0,65.8,1,28116,2,0
NRM-1103,47,Kathmandu,6,Qatar,Factory Worker,3.4,Prabhu Money,25318,15,63,0,23424,1894,0,11957,75,0.919,0.0,1.0,0.892,0.51,0.85,-0.075,1.081,1.0,0.8,Senior (3-7yr),0,51.7,1,25292,2,1
NRM-1104,35,Dharan,2,UAE,Technician,3.6,Bank Transfer,38912,45,81,0,8686,30226,0,4379,111,0.933,0.0,0.809,0.929,0.5,0.817,0.627,4.48,1.0,0.85,Senior (3-7yr),0,67.5,1,47085,3,1
NRM-1105,48,Kathmandu,3,Saudi Arabia,Driver,9.2,Bank Transfer,36171,30,36,0,15846,20325,1,27959,82,0.985,0.41,0.722,0.828,1.76,0.893,0.412,2.283,1.0,0.68,Veteran (7+yr),0,67.4,1,43793,3,0
NRM-1106,30,Pokhara,2,Qatar,Domestic Worker,5.7,IME,21643,60,85,0,10128,11515,1,27105,65,0.962,0.69,0.821,0.824,2.68,0.736,0.382,2.137,1.0,0.8,Senior (3-7yr),0,63.1,1,24067,2,0
NRM-1107,36,Kathmandu,4,UAE,Factory Worker,9.4,Hundi,25217,30,8,22,18736,6481,0,877,63,0.981,0.0,0.404,0.789,0.05,0.711,0.107,1.346,0.267,0.85,Veteran (7+yr),0,53.9,1,34932,2,1
NRM-1108,36,Kathmandu,2,Qatar,Technician,1.3,IME,38402,45,69,0,8492,29910,0,48353,99,0.886,0.0,0.702,1.029,5.69,0.748,0.629,4.522,1.0,0.8,Mid (1-3yr),0,73.2,1,37844,2,1
NRM-1109,47,Pokhara,6,Malaysia,Driver,6.1,IME,26272,15,80,0,31350,-5078,1,51567,35,0.991,0.57,1.0,0.837,1.64,0.9,-0.343,0.838,1.0,0.72,Senior (3-7yr),0,55.9,1,29268,2,0
NRM-1110,34,Butwal,7,Qatar,Domestic Worker,0.9,Bank Transfer,15838,30,36,0,26390,-10552,0,57913,31,0.845,0.0,1.0,0.978,2.19,0.823,-0.816,0.6,1.0,0.8,New (<1yr),0,57.2,1,18631,1,1
NRM-1111,53,Butwal,5,UAE,Domestic Worker,1.2,IME,14641,15,28,0,21345,-6704,1,2637,28,0.939,1.02,1.0,0.941,0.12,0.874,-0.608,0.686,1.0,0.85,Mid (1-3yr),1,49.9,1,18514,1,0
NRM-1112,53,Pokhara,2,Qatar,Construction,10.9,Hundi,30654,60,47,13,10430,20224,1,72778,103,0.975,0.49,0.516,0.794,6.98,0.607,0.51,2.939,0.783,0.8,Veteran (7+yr),0,66.5,1,41345,3,0
NRM-1113,25,Dharan,6,UAE,Construction,2.1,Hundi,24018,45,76,0,30060,-6042,0,42025,1,0.952,0.0,1.0,0.934,1.4,0.646,-0.402,0.799,1.0,0.85,Mid (1-3yr),0,52.9,1,25852,2,0
NRM-1114,51,Chitwan,6,South Korea,Technician,6.6,Western Union,41956,45,30,15,22026,19930,0,28742,25,0.957,0.0,0.477,0.876,1.3,0.738,0.325,1.905,0.667,0.95,Senior (3-7yr),0,70.2,1,52538,3,1
NRM-1115,44,Kathmandu,7,UAE,Driver,5.2,Prabhu Money,28233,60,23,37,26411,1822,0,11831,43,0.969,0.0,0.528,0.86,0.45,0.725,-0.085,1.069,0.383,0.85,Senior (3-7yr),0,55.4,1,25562,2,1
NRM-1116,36,Dharan,4,Qatar,Domestic Worker,4.5,Bank Transfer,19729,15,16,0,23224,-3495,1,46762,102,0.958,0.76,0.964,0.839,2.01,0.929,-0.327,0.85,1.0,0.8,Senior (3-7yr),0,58.4,1,28663,2,0
NRM-1117,50,Kathmandu,6,Malaysia,Technician,10.8,Hundi,42498,30,14,16,27948,14550,0,18830,84,0.985,0.0,0.45,0.828,0.67,0.712,0.192,1.521,0.467,0.72,Veteran (7+yr),0,59.8,1,45393,3,1
NRM-1118,57,Chitwan,6,Malaysia,Technician,0.8,Western Union,30128,15,74,0,31236,-1108,0,55044,67,0.951,0.0,1.0,1.054,1.76,0.836,-0.187,0.965,1.0,0.72,New (<1yr),0,57.5,1,39487,2,1
NRM-1119,34,Butwal,6,Qatar,Security Guard,8.1,Western Union,27366,30,71,0,31626,-4260,1,73948,63,0.986,0.55,1.0,0.813,2.34,0.803,-0.306,0.865,1.0,0.8,Veteran (7+yr),0,54.3,1,22282,2,0
NRM-1120,53,Dharan,6,Malaysia,Construction,11.6,Western Union,31030,30,52,0,23526,7504,2,69202,51,0.997,0.97,1.0,0.789,2.94,0.809,0.092,1.319,1.0,0.72,Veteran (7+yr),0,54.7,1,29280,2,0
NRM-1121,28,Bhaktapur,3,Kuwait,Driver,6.9,Bank Transfer,30531,30,37,0,14832,15699,0,37045,2,0.973,0.0,0.688,0.84,2.5,0.886,0.364,2.058,1.0,0.78,Senior (3-7yr),0,68.4,1,34834,2,0
NRM-1122,43,Bhaktapur,3,Qatar,Domestic Worker,11.3,Bank Transfer,24909,30,29,1,14127,10782,2,71051,82,0.988,1.2,0.747,0.77,5.03,0.894,0.283,1.763,0.967,0.8,Veteran (7+yr),0,65.4,1,35240,2,0
NRM-1123,49,Bhaktapur,4,Malaysia,Technician,1.1,Bank Transfer,33801,30,67,0,23644,10157,0,26627,108,0.788,0.0,1.0,1.033,1.13,0.794,0.15,1.43,1.0,0.72,Mid (1-3yr),0,59.1,1,39516,2,0
NRM-1124,23,Butwal,2,Saudi Arabia,Domestic Worker,5.3,IME,16651,30,15,15,11850,4801,0,15198,64,0.988,0.0,0.485,0.805,1.28,0.849,0.138,1.405,0.5,0.68,Senior (3-7yr),0,64.0,1,24159,2,1
NRM-1125,27,Butwal,6,UAE,Security Guard,3.5,Bank Transfer,20817,30,47,0,24474,-3657,0,69521,74,0.986,0.0,1.0,0.869,2.84,0.893,-0.326,0.851,1.0,0.85,Senior (3-7yr),0,58.1,1,23703,2,1
NRM-1126,49,Chitwan,7,Qatar,Driver,8.9,Bank Transfer,36992,60,46,14,30730,6262,0,29475,69,0.986,0.0,0.639,0.833,0.96,0.793,0.019,1.204,0.767,0.8,Veteran (7+yr),0,59.7,1,42293,3,1
NRM-1127,49,Kathmandu,2,Qatar,Technician,11.8,Prabhu Money,46382,45,52,0,8442,37940,0,19403,9,0.976,0.0,0.535,0.828,2.3,0.778,0.668,5.494,1.0,0.8,Veteran (7+yr),0,74.2,1,40993,3,0
NRM-1128,41,Chitwan,7,South Korea,Domestic Worker,3.5,Bank Transfer,18593,60,19,41,30660,-12067,0,3681,2,0.939,0.0,0.786,0.858,0.12,0.77,-0.799,0.606,0.317,0.95,Senior (3-7yr),1,50.8,1,25321,2,0
NRM-1129,51,Chitwan,2,Japan,Construction,8.0,Prabhu Money,31182,30,77,0,9242,21940,2,42292,34,0.984,0.96,1.0,0.827,4.58,0.832,0.554,3.374,1.0,0.93,Veteran (7+yr),0,68.2,1,30336,2,0
NRM-1130,32,Butwal,4,Saudi Arabia,Security Guard,2.8,Western Union,19032,30,21,9,24608,-5576,1,5629,60,0.945,0.79,0.864,0.882,0.23,0.782,-0.443,0.773,0.7,0.68,Mid (1-3yr),1,47.3,1,27210,2,0
NRM-1131,49,Bhaktapur,6,UAE,Driver,7.0,IME,30474,45,64,0,33042,-2568,1,77814,102,0.996,0.49,1.0,0.838,2.36,0.803,-0.234,0.922,1.0,0.85,Senior (3-7yr),0,55.4,1,43808,3,0
NRM-1132,46,Lalitpur,6,Saudi Arabia,Security Guard,5.8,Bank Transfer,25296,30,37,0,33414,-8118,0,8417,61,0.949,0.0,1.0,0.838,0.25,0.875,-0.471,0.757,1.0,0.68,Senior (3-7yr),1,47.1,1,36940,2,1
NRM-1133,54,Kathmandu,5,Saudi Arabia,Construction,11.7,Bank Transfer,29497,30,27,3,24865,4632,0,34765,31,0.983,0.0,0.697,0.783,1.4,0.891,0.007,1.186,0.9,0.68,Veteran (7+yr),0,58.9,1,34339,2,1
NRM-1134,22,Butwal,7,UAE,Driver,7.5,Western Union,29539,30,55,0,27174,2365,0,74499,10,0.989,0.0,1.0,0.828,2.74,0.804,-0.07,1.087,1.0,0.85,Veteran (7+yr),0,55.3,1,37631,2,0
NRM-1135,48,Bhaktapur,2,Qatar,Security Guard,4.5,IME,20934,30,29,1,11362,9572,1,56574,114,0.961,0.72,0.67,0.845,4.98,0.835,0.307,1.842,0.967,0.8,Senior (3-7yr),0,66.6,1,28155,2,0
NRM-1136,34,Dharan,2,Malaysia,Factory Worker,1.8,Western Union,22496,30,20,10,9898,12598,2,27675,76,0.982,1.33,0.576,0.943,2.8,0.801,0.41,2.273,0.667,0.72,Mid (1-3yr),0,69.5,1,20059,2,0
NRM-1137,24,Lalitpur,3,UAE,Construction,2.2,Bank Transfer,29588,30,25,5,18150,11438,0,72267,36,0.868,0.0,0.579,0.951,3.98,0.834,0.237,1.63,0.833,0.85,Mid (1-3yr),0,68.9,1,36117,2,1
NRM-1138,27,Lalitpur,5,Malaysia,Construction,3.1,IME,22320,45,70,0,25450,-3130,0,40563,118,0.983,0.0,1.0,0.888,1.59,0.797,-0.29,0.877,1.0,0.72,Senior (3-7yr),0,54.0,1,18391,1,1
NRM-1139,29,Butwal,3,Qatar,Construction,3.4,IME,26508,15,63,0,15858,10650,0,11332,85,0.943,0.0,1.0,0.896,0.71,0.876,0.252,1.672,1.0,0.8,Senior (3-7yr),0,59.5,1,30439,2,1
NRM-1140,48,Pokhara,3,Qatar,Factory Worker,10.3,Western Union,27274,30,36,0,10929,16345,0,19177,49,0.993,0.0,0.64,0.788,1.75,0.806,0.449,2.496,1.0,0.8,Veteran (7+yr),0,68.4,1,24775,2,1
NRM-1141,30,Kathmandu,3,Qatar,Factory Worker,7.0,IME,30965,45,2,43,16158,14807,0,68447,111,0.969,0.0,0.227,0.839,4.24,0.79,0.328,1.916,0.044,0.8,Senior (3-7yr),0,72.5,1,28736,2,1
NRM-1142,54,Lalitpur,7,UAE,Domestic Worker,6.5,IME,17923,30,22,8,36414,-18491,1,57104,70,0.964,0.84,1.0,0.792,1.57,0.837,-1.0,0.492,0.733,0.85,Senior (3-7yr),0,55.6,1,18918,1,0
NRM-1143,45,Butwal,7,Kuwait,Technician,1.8,Western Union,35286,30,16,14,34545,741,1,4951,112,0.888,0.43,0.672,0.988,0.14,0.754,-0.129,1.021,0.533,0.78,Mid (1-3yr),1,51.7,1,38910,2,0
NRM-1144,36,Butwal,4,Qatar,Security Guard,10.4,Bank Transfer,28885,45,18,27,14892,13993,0,28333,49,0.982,0.0,0.366,0.793,1.9,0.841,0.334,1.94,0.4,0.8,Veteran (7+yr),0,71.1,1,35708,2,1
NRM-1145,53,Bhaktapur,4,South Korea,Domestic Worker,8.8,Hundi,23015,30,69,0,14876,8139,0,21673,3,0.97,0.0,1.0,0.787,1.46,0.705,0.204,1.547,1.0,0.95,Veteran (7+yr),0,57.8,1,19611,1,0
NRM-1146,53,Dharan,3,UAE,Security Guard,1.3,Bank Transfer,19399,15,54,0,11034,8365,2,40870,74,0.982,1.55,1.0,0.961,3.7,0.941,0.281,1.758,1.0,0.85,Mid (1-3yr),0,66.3,1,22358,2,0
NRM-1147,45,Pokhara,5,Malaysia,Technician,8.6,Hundi,39984,30,30,0,25770,14214,0,71101,5,0.988,0.0,0.658,0.844,2.76,0.714,0.205,1.552,1.0,0.72,Veteran (7+yr),0,60.5,1,37098,2,0
NRM-1148,33,Kathmandu,2,UAE,Factory Worker,6.8,Hundi,26220,30,45,0,7864,18356,0,22821,110,0.989,0.0,0.72,0.826,2.9,0.715,0.55,3.334,1.0,0.85,Senior (3-7yr),0,68.2,1,31510,2,1
NRM-1149,23,Chitwan,7,South Korea,Technician,1.4,Bank Transfer,33155,30,19,11,26348,6807,0,25494,90,0.788,0.0,0.571,1.007,0.97,0.794,0.055,1.258,0.633,0.95,Mid (1-3yr),0,66.4,1,41317,3,0
NRM-1150,24,Dharan,5,Malaysia,Factory Worker,5.8,Bank Transfer,23882,45,87,0,22265,1617,0,74160,61,0.98,0.0,1.0,0.832,3.33,0.84,-0.082,1.073,1.0,0.72,Senior (3-7yr),0,54.3,1,28412,2,1
NRM-1151,38,Dharan,6,Qatar,Technician,6.1,Bank Transfer,39759,30,34,0,23568,16191,0,835,85,0.964,0.0,0.69,0.878,0.04,0.882,0.257,1.687,1.0,0.8,Senior (3-7yr),0,57.4,1,52354,3,1
NRM-1152,23,Bhaktapur,7,Qatar,Domestic Worker,2.4,IME,15496,30,13,17,41741,-26245,1,18646,109,0.914,0.97,1.0,0.877,0.45,0.812,-1.0,0.371,0.433,0.8,Mid (1-3yr),0,50.0,0,0,1,0
NRM-1153,23,Lalitpur,7,South Korea,Driver,11.4,Prabhu Money,32750,30,43,0,43918,-11168,0,77360,90,0.994,0.0,1.0,0.796,1.76,0.837,-0.491,0.746,1.0,0.95,Veteran (7+yr),0,57.1,1,43740,3,1
NRM-1154,49,Lalitpur,4,Japan,Domestic Worker,10.3,Bank Transfer,23952,30,62,0,22976,976,0,37335,102,0.993,0.0,1.0,0.775,1.62,0.897,-0.109,1.042,1.0,0.93,Veteran (7+yr),0,58.0,1,26417,2,1
NRM-1155,44,Bhaktapur,2,Qatar,Security Guard,8.2,Prabhu Money,28739,30,22,8,10154,18585,1,69351,108,0.99,0.52,0.501,0.816,6.83,0.835,0.497,2.83,0.733,0.8,Veteran (7+yr),0,72.5,1,32731,2,0
NRM-1156,53,Butwal,2,Malaysia,Domestic Worker,5.8,Hundi,20060,30,52,0,7958,12102,0,2429,26,0.979,0.0,0.852,0.815,0.31,0.709,0.453,2.521,1.0,0.72,Senior (3-7yr),0,55.1,1,25148,2,1
NRM-1157,54,Lalitpur,6,South Korea,Construction,5.2,Bank Transfer,24083,30,52,0,29118,-5035,1,41950,72,0.986,0.62,1.0,0.844,1.44,0.893,-0.359,0.827,1.0,0.95,Senior (3-7yr),0,59.2,1,19575,1,0
NRM-1158,22,Pokhara,6,South Korea,Security Guard,8.0,Bank Transfer,22329,15,36,0,26334,-4005,1,60654,5,0.999,0.67,1.0,0.793,2.3,0.95,-0.329,0.848,1.0,0.95,Veteran (7+yr),0,59.9,1,28085,2,0
NRM-1159,40,Kathmandu,7,Japan,Technician,6.8,Hundi,46408,30,73,0,30968,15440,0,68143,15,0.961,0.0,1.0,0.883,2.2,0.701,0.183,1.499,1.0,0.93,Senior (3-7yr),0,58.4,1,57221,3,1
NRM-1160,23,Dharan,3,Malaysia,Security Guard,1.2,IME,18441,30,19,11,17010,1431,1,77527,16,0.759,0.81,0.689,0.964,4.56,0.734,-0.072,1.084,0.633,0.72,Mid (1-3yr),0,58.3,1,18752,1,0
NRM-1161,47,Dharan,4,UAE,Driver,6.4,Western Union,26894,45,38,7,21608,5286,0,31099,1,0.984,0.0,0.659,0.834,1.44,0.752,0.047,1.245,0.844,0.85,Senior (3-7yr),0,60.1,1,23130,2,0
NRM-1162,53,Pokhara,4,UAE,Factory Worker,9.8,Bank Transfer,30232,15,70,0,19640,10592,2,39385,16,0.99,0.99,1.0,0.803,2.01,0.945,0.2,1.539,1.0,0.85,Veteran (7+yr),0,62.4,1,26110,2,0
NRM-1163,27,Lalitpur,7,UAE,Technician,5.8,Bank Transfer,41347,30,79,0,34034,7313,0,35919,37,1.0,0.0,1.0,0.887,1.06,0.9,0.027,1.215,1.0,0.85,Senior (3-7yr),0,59.1,1,59798,3,1
NRM-1164,53,Dharan,5,Malaysia,Security Guard,1.1,Hundi,20819,30,57,0,21385,-566,2,60782,3,0.814,1.44,1.0,0.985,2.84,0.627,-0.177,0.974,1.0,0.72,Mid (1-3yr),0,51.2,1,26700,2,0
NRM-1165,25,Chitwan,3,Malaysia,Technician,9.5,Bank Transfer,39676,45,20,25,17685,21991,1,71116,52,0.974,0.38,0.423,0.834,4.02,0.837,0.404,2.243,0.444,0.72,Veteran (7+yr),0,71.0,1,35270,2,0
NRM-1166,32,Kathmandu,7,Qatar,Technician,2.8,Bank Transfer,31036,30,9,21,24696,6340,0,72590,47,0.984,0.0,0.438,0.931,2.94,0.892,0.054,1.257,0.3,0.8,Mid (1-3yr),0,67.8,1,32578,2,1
NRM-1167,38,Kathmandu,3,South Korea,Technician,3.5,Bank Transfer,43945,45,32,13,10602,33343,0,40387,95,0.986,0.0,0.381,0.944,3.81,0.843,0.609,4.145,0.711,0.95,Senior (3-7yr),0,80.9,1,53381,3,1
NRM-1168,45,Dharan,3,Malaysia,Factory Worker,2.4,IME,21527,45,4,41,14757,6770,2,15823,13,0.901,1.39,0.443,0.91,1.07,0.756,0.164,1.459,0.089,0.72,Mid (1-3yr),0,65.0,1,29812,2,0
NRM-1169,26,Bhaktapur,3,Saudi Arabia,Domestic Worker,4.3,Prabhu Money,19258,45,50,0,18510,748,1,46015,80,0.957,0.78,0.896,0.841,2.49,0.769,-0.111,1.04,1.0,0.68,Senior (3-7yr),0,53.6,1,15994,1,0
NRM-1170,55,Dharan,7,UAE,Technician,9.2,Hundi,45146,30,82,0,28616,16530,0,15339,55,0.999,0.0,1.0,0.85,0.54,0.719,0.216,1.578,1.0,0.85,Veteran (7+yr),0,53.2,1,43594,3,1
NRM-1171,27,Bhaktapur,4,Saudi Arabia,Construction,6.5,Prabhu Money,29787,30,5,25,17612,12175,1,3491,107,0.971,0.5,0.37,0.843,0.2,0.826,0.259,1.691,0.167,0.68,Senior (3-7yr),0,60.1,1,42381,3,0
NRM-1172,43,Dharan,4,Qatar,Driver,2.9,Bank Transfer,26192,45,20,25,24268,1924,0,706,21,0.968,0.0,0.548,0.911,0.03,0.834,-0.077,1.079,0.444,0.8,Mid (1-3yr),0,53.6,1,21121,2,1
NRM-1173,32,Chitwan,3,Qatar,Factory Worker,10.6,Hundi,28248,60,87,0,17007,11241,0,15728,66,0.99,0.0,0.821,0.789,0.92,0.615,0.248,1.661,1.0,0.8,Veteran (7+yr),0,56.1,1,26580,2,1
NRM-1174,37,Butwal,5,Qatar,Security Guard,10.6,Bank Transfer,28063,45,75,0,19195,8868,0,6997,54,0.978,0.0,0.94,0.788,0.36,0.839,0.166,1.462,1.0,0.8,Veteran (7+yr),0,52.6,1,41289,3,1
NRM-1175,54,Kathmandu,2,Qatar,Factory Worker,10.5,Western Union,32928,30,37,0,7348,25580,0,60408,27,0.977,0.0,0.583,0.805,8.22,0.798,0.627,4.481,1.0,0.8,Veteran (7+yr),0,72.8,1,40481,3,1
NRM-1176,30,Dharan,7,UAE,Security Guard,3.2,Prabhu Money,24587,30,22,8,37961,-13374,1,58097,38,0.962,0.61,0.978,0.895,1.53,0.821,-0.694,0.648,0.733,0.85,Senior (3-7yr),0,57.0,1,24173,2,0
NRM-1177,27,Chitwan,2,Saudi Arabia,Factory Worker,5.7,Western Union,23007,30,58,0,10428,12579,0,38523,90,0.95,0.0,0.955,0.83,3.69,0.785,0.397,2.206,1.0,0.68,Senior (3-7yr),0,60.9,1,19484,1,1
NRM-1178,37,Bhaktapur,5,Qatar,Security Guard,11.8,Bank Transfer,25923,45,68,0,20480,5443,1,25163,58,0.99,0.58,0.987,0.77,1.23,0.845,0.06,1.266,1.0,0.8,Veteran (7+yr),0,56.1,1,21249,2,0
NRM-1179,50,Bhaktapur,7,Malaysia,Technician,9.4,Western Union,48401,30,44,0,27650,20751,0,17718,62,0.975,0.0,0.815,0.855,0.64,0.798,0.279,1.75,1.0,0.72,Veteran (7+yr),0,58.3,1,47012,3,1
NRM-1180,24,Kathmandu,3,UAE,Domestic Worker,0.8,Bank Transfer,16790,30,34,0,12168,4622,0,39619,102,0.819,0.0,0.743,0.995,3.26,0.809,0.125,1.38,1.0,0.85,New (<1yr),0,64.3,1,23792,2,1
NRM-1181,41,Pokhara,4,Kuwait,Security Guard,1.2,IME,22540,45,77,0,18636,3904,0,12126,46,0.776,0.0,1.0,0.984,0.65,0.693,0.023,1.209,1.0,0.78,Mid (1-3yr),0,50.7,1,24594,2,0
NRM-1182,57,Dharan,2,Japan,Security Guard,5.8,Hundi,21458,30,42,0,9712,11746,0,64926,89,0.953,0.0,0.741,0.822,6.69,0.697,0.397,2.209,1.0,0.93,Senior (3-7yr),0,65.5,1,27986,2,1
NRM-1183,40,Lalitpur,6,Qatar,Construction,11.0,Hundi,33191,45,9,36,33336,-145,0,40633,11,0.998,0.0,0.482,0.801,1.22,0.669,-0.154,0.996,0.2,0.8,Veteran (7+yr),0,58.5,1,47887,3,0
NRM-1184,47,Bhaktapur,6,UAE,Security Guard,6.7,Hundi,25667,30,7,23,35286,-9619,0,77654,72,0.958,0.0,0.643,0.825,2.2,0.699,-0.525,0.727,0.233,0.85,Senior (3-7yr),0,58.0,1,27864,2,1
NRM-1185,24,Butwal,5,Qatar,Construction,6.2,Western Union,30160,30,68,0,22580,7580,1,3317,8,0.96,0.5,1.0,0.849,0.15,0.79,0.101,1.336,1.0,0.8,Senior (3-7yr),0,48.0,1,28166,2,0
NRM-1186,40,Butwal,3,Saudi Arabia,Driver,1.7,Bank Transfer,26137,30,19,11,17622,8515,0,44980,97,0.86,0.0,0.523,0.964,2.55,0.83,0.176,1.483,0.633,0.68,Mid (1-3yr),0,66.1,1,30370,2,1
NRM-1187,41,Bhaktapur,2,Saudi Arabia,Technician,8.1,Western Union,35280,45,31,14,11124,24156,0,44115,117,0.993,0.0,0.402,0.838,3.97,0.756,0.535,3.172,0.689,0.68,Veteran (7+yr),0,71.3,1,50650,3,1
NRM-1188,53,Pokhara,3,Qatar,Construction,10.0,Bank Transfer,32350,30,35,0,13014,19336,0,61646,71,0.976,0.0,0.628,0.808,4.74,0.888,0.448,2.486,1.0,0.8,Veteran (7+yr),0,70.9,1,44095,3,1
NRM-1189,28,Pokhara,2,Saudi Arabia,Domestic Worker,4.9,Western Union,17412,30,57,0,10274,7138,1,43158,64,0.948,0.86,1.0,0.818,4.2,0.784,0.26,1.695,1.0,0.68,Senior (3-7yr),0,57.3,1,14731,1,0
NRM-1190,54,Chitwan,5,Qatar,Technician,9.4,IME,41973,60,85,0,18625,23348,2,55963,102,0.991,0.71,0.877,0.84,3.0,0.75,0.406,2.254,1.0,0.8,Veteran (7+yr),0,63.3,1,53926,3,0
NRM-1191,39,Butwal,5,Qatar,Construction,11.6,IME,36908,30,61,0,26565,10343,0,47631,21,0.975,0.0,1.0,0.807,1.79,0.843,0.13,1.389,1.0,0.8,Veteran (7+yr),0,57.8,1,44301,3,1
NRM-1192,22,Chitwan,6,Saudi Arabia,Technician,2.8,Hundi,36027,30,31,0,33960,2067,0,49316,72,0.995,0.0,0.79,0.946,1.45,0.717,-0.093,1.061,1.0,0.68,Mid (1-3yr),0,55.5,1,51706,3,1
NRM-1193,32,Butwal,3,UAE,Technician,6.5,Hundi,44717,30,83,0,16560,28157,0,59342,115,0.993,0.0,1.0,0.884,3.58,0.717,0.48,2.7,1.0,0.85,Senior (3-7yr),0,63.5,1,39607,2,1
NRM-1194,49,Dharan,7,Saudi Arabia,Technician,3.8,Bank Transfer,34091,30,53,0,34657,-566,2,15504,118,0.958,0.88,1.0,0.91,0.45,0.879,-0.167,0.984,1.0,0.68,Senior (3-7yr),0,50.3,1,40016,3,0
NRM-1195,46,Dharan,6,UAE,Driver,9.6,IME,34968,30,32,0,33288,1680,0,68593,63,0.982,0.0,0.807,0.82,2.06,0.846,-0.102,1.05,1.0,0.85,Veteran (7+yr),0,59.1,1,49501,3,1
NRM-1196,44,Lalitpur,3,Japan,Domestic Worker,7.1,Bank Transfer,23153,30,66,0,17439,5714,0,26660,85,0.973,0.0,1.0,0.809,1.53,0.886,0.097,1.328,1.0,0.93,Veteran (7+yr),0,60.2,1,25167,2,1
NRM-1197,52,Dharan,6,Qatar,Factory Worker,7.8,Hundi,24655,30,59,0,30084,-5429,0,37196,64,0.999,0.0,1.0,0.806,1.24,0.72,-0.37,0.82,1.0,0.8,Veteran (7+yr),0,52.1,1,28042,2,1
NRM-1198,51,Lalitpur,7,UAE,Factory Worker,9.7,Bank Transfer,25426,30,10,20,33117,-7691,0,65938,20,0.97,0.0,0.654,0.787,1.99,0.885,-0.452,0.768,0.333,0.85,Veteran (7+yr),0,61.9,1,21594,2,1
NRM-1199,56,Dharan,4,Saudi Arabia,Construction,5.1,Bank Transfer,27123,45,2,43,20580,6543,0,8605,8,0.997,0.0,0.321,0.858,0.42,0.849,0.091,1.318,0.044,0.68,Senior (3-7yr),0,60.5,1,26979,2,0
NRM-1200,28,Kathmandu,4,UAE,Technician,11.0,Western Union,38604,30,66,0,20940,17664,1,57388,58,0.996,0.39,1.0,0.816,2.74,0.808,0.308,1.844,1.0,0.85,Veteran (7+yr),0,61.4,1,39652,2,0
NRM-1201,37,Dharan,4,Japan,Construction,6.6,Bank Transfer,31078,30,60,0,25996,5082,0,55501,46,0.999,0.0,1.0,0.846,2.13,0.9,0.014,1.195,1.0,0.93,Senior (3-7yr),0,59.4,1,45423,3,1
NRM-1202,47,Chitwan,4,Malaysia,Driver,2.3,Western Union,31428,30,88,0,15220,16208,1,53309,31,0.926,0.48,1.0,0.952,3.5,0.773,0.366,2.065,1.0,0.72,Mid (1-3yr),0,61.7,1,31360,2,0
NRM-1203,23,Bhaktapur,2,Saudi Arabia,Driver,8.5,Bank Transfer,31823,30,17,13,11118,20705,0,27043,114,0.967,0.0,0.366,0.823,2.43,0.884,0.501,2.862,0.567,0.68,Veteran (7+yr),0,74.2,1,35724,2,1
NRM-1204,22,Chitwan,4,Malaysia,Security Guard,9.6,Bank Transfer,24890,30,16,14,20892,3998,0,33635,93,0.979,0.0,0.549,0.786,1.61,0.89,0.011,1.191,0.533,0.72,Veteran (7+yr),0,61.8,1,31608,2,1
NRM-1205,33,Bhaktapur,7,Kuwait,Driver,4.1,Hundi,28306,30,16,14,36323,-8017,2,79315,112,0.94,1.06,0.86,0.884,2.18,0.69,-0.433,0.779,0.533,0.78,Senior (3-7yr),0,54.3,1,25858,2,0
NRM-1206,26,Pokhara,5,South Korea,Security Guard,10.4,Bank Transfer,28784,45,46,0,25085,3699,0,33132,9,1.0,0.0,0.757,0.793,1.32,0.85,-0.021,1.147,1.0,0.95,Veteran (7+yr),0,61.0,1,32828,2,0
NRM-1207,53,Chitwan,5,Malaysia,Domestic Worker,10.9,Bank Transfer,20869,30,39,0,24455,-3586,1,15366,15,0.985,0.72,1.0,0.756,0.63,0.893,-0.322,0.853,1.0,0.72,Veteran (7+yr),0,50.8,1,27483,2,0
NRM-1208,30,Pokhara,2,Malaysia,Construction,3.7,Western Union,27367,60,31,29,12968,14399,0,72107,94,0.963,0.0,0.396,0.891,5.56,0.691,0.376,2.11,0.517,0.72,Senior (3-7yr),0,68.0,1,38499,2,1
NRM-1209,56,Lalitpur,4,Qatar,Domestic Worker,11.8,Bank Transfer,24913,60,88,0,15676,9237,0,62580,26,0.987,0.0,0.838,0.766,3.99,0.794,0.221,1.589,1.0,0.8,Veteran (7+yr),0,60.2,1,30851,2,1
NRM-1210,40,Lalitpur,4,Qatar,Driver,2.1,IME,28638,30,1,29,25744,2894,2,57889,10,0.99,1.05,0.506,0.952,2.25,0.85,-0.049,1.112,0.033,0.8,Mid (1-3yr),0,64.9,1,36322,2,0
NRM-1211,37,Kathmandu,4,Saudi Arabia,Domestic Worker,2.8,Bank Transfer,15671,30,11,19,22872,-7201,0,79553,29,0.927,0.0,0.73,0.863,3.48,0.863,-0.61,0.685,0.367,0.68,Mid (1-3yr),0,58.8,1,13922,1,1
NRM-1212,24,Dharan,6,Qatar,Domestic Worker,2.6,Bank Transfer,18107,30,85,0,21798,-3691,1,39236,118,0.942,0.83,1.0,0.885,1.8,0.871,-0.354,0.831,1.0,0.8,Mid (1-3yr),0,57.0,1,26473,2,0
NRM-1213,41,Chitwan,3,UAE,Domestic Worker,10.8,Western Union,21242,45,4,41,16590,4652,0,4150,80,0.979,0.0,0.348,0.758,0.25,0.749,0.069,1.28,0.089,0.85,Veteran (7+yr),0,56.5,1,18964,1,1
NRM-1214,45,Pokhara,6,Qatar,Driver,8.0,Bank Transfer,29193,30,71,0,29700,-507,1,19423,36,0.982,0.51,1.0,0.82,0.65,0.891,-0.167,0.983,1.0,0.8,Veteran (7+yr),0,53.1,1,39184,2,0
NRM-1215,54,Bhaktapur,3,UAE,Technician,2.2,Bank Transfer,41767,15,26,0,15159,26608,0,4137,84,0.98,0.0,0.839,0.985,0.27,0.94,0.487,2.755,1.0,0.85,Mid (1-3yr),0,65.9,1,41156,3,1
NRM-1216,45,Lalitpur,4,Malaysia,Domestic Worker,5.6,Bank Transfer,20642,30,50,0,18656,1986,0,29992,109,0.965,0.0,1.0,0.821,1.61,0.883,-0.054,1.106,1.0,0.72,Senior (3-7yr),0,55.2,1,30003,2,1
NRM-1217,32,Dharan,4,Kuwait,Security Guard,7.6,Bank Transfer,21576,45,12,33,21476,100,1,44921,118,0.993,0.7,0.571,0.795,2.09,0.847,-0.145,1.005,0.267,0.78,Veteran (7+yr),0,61.2,1,28134,2,0
NRM-1218,29,Lalitpur,6,Qatar,Driver,1.5,IME,24459,45,81,0,31914,-7455,2,79369,37,0.826,1.23,1.0,0.97,2.49,0.718,-0.455,0.766,1.0,0.8,Mid (1-3yr),0,54.5,1,32473,2,0
NRM-1219,57,Bhaktapur,6,Saudi Arabia,Domestic Worker,10.6,Bank Transfer,21759,30,75,0,37230,-15471,2,66917,86,0.983,1.38,1.0,0.763,1.8,0.891,-0.861,0.584,1.0,0.68,Veteran (7+yr),0,53.9,1,20743,2,0
NRM-1220,41,Dharan,3,South Korea,Technician,9.7,IME,39880,45,65,0,14526,25354,1,73690,71,0.995,0.38,0.79,0.832,5.07,0.803,0.486,2.745,1.0,0.95,Veteran (7+yr),0,69.7,1,44271,3,0
NRM-1221,56,Dharan,5,Qatar,Driver,6.3,IME,28291,30,47,0,24820,3471,1,34235,23,0.954,0.53,1.0,0.841,1.38,0.832,-0.027,1.14,1.0,0.8,Senior (3-7yr),0,55.4,1,34867,2,0
NRM-1222,46,Pokhara,3,Malaysia,Factory Worker,11.6,Hundi,27380,30,53,0,17178,10202,0,78975,41,0.987,0.0,0.958,0.777,4.6,0.713,0.223,1.594,1.0,0.72,Veteran (7+yr),0,55.4,1,36661,2,1
NRM-1223,56,Pokhara,6,UAE,Technician,5.3,Prabhu Money,38806,45,71,0,27474,11332,0,19122,104,0.996,0.0,0.914,0.89,0.7,0.788,0.142,1.412,1.0,0.85,Senior (3-7yr),0,56.9,1,33868,2,1
NRM-1224,46,Chitwan,7,UAE,Security Guard,11.8,Bank Transfer,29969,30,2,28,32746,-2777,0,23956,93,0.984,0.0,0.464,0.784,0.73,0.892,-0.243,0.915,0.067,0.85,Veteran (7+yr),0,62.1,1,44163,3,1
NRM-1225,50,Chitwan,6,Japan,Domestic Worker,8.2,Prabhu Money,21997,30,24,6,31170,-9173,0,63879,80,0.991,0.0,0.887,0.789,2.05,0.835,-0.567,0.706,0.8,0.93,Veteran (7+yr),0,58.4,1,31305,2,1
NRM-1226,39,Butwal,7,Qatar,Factory Worker,7.8,Bank Transfer,29222,15,4,11,25270,3952,0,58560,102,0.969,0.0,0.453,0.823,2.32,0.935,-0.015,1.156,0.267,0.8,Veteran (7+yr),0,65.9,1,28907,2,1
NRM-1227,39,Butwal,2,Saudi Arabia,Factory Worker,2.4,Western Union,20169,45,19,26,11368,8801,0,68685,28,0.898,0.0,0.394,0.904,6.04,0.709,0.286,1.774,0.422,0.68,Mid (1-3yr),0,66.3,1,27751,2,1
NRM-1228,23,Kathmandu,6,Malaysia,Driver,10.6,Hundi,38419,45,26,19,34674,3745,0,24660,48,0.972,0.0,0.592,0.82,0.71,0.656,-0.053,1.108,0.578,0.72,Veteran (7+yr),0,52.7,1,44674,3,1
NRM-1229,56,Lalitpur,2,Qatar,Factory Worker,5.4,Bank Transfer,28627,30,75,0,7934,20693,1,1168,38,0.972,0.52,1.0,0.858,0.15,0.886,0.573,3.608,1.0,0.8,Senior (3-7yr),0,60.0,1,32155,2,0
NRM-1230,37,Chitwan,5,Saudi Arabia,Security Guard,2.4,Western Union,22955,45,40,5,31395,-8440,0,45124,31,0.943,0.0,0.903,0.917,1.44,0.732,-0.518,0.731,0.889,0.68,Mid (1-3yr),0,53.7,1,23416,2,1
NRM-1231,57,Pokhara,3,Kuwait,Security Guard,0.6,Western Union,21640,30,50,0,18084,3556,0,35897,14,0.623,0.0,1.0,1.049,1.99,0.622,0.014,1.197,1.0,0.78,New (<1yr),0,53.3,1,26112,2,0
NRM-1232,54,Bhaktapur,7,Qatar,Construction,6.9,Bank Transfer,32931,30,43,0,30191,2740,0,15032,117,0.994,0.0,0.94,0.847,0.5,0.897,-0.067,1.091,1.0,0.8,Senior (3-7yr),0,53.0,1,43169,3,1
NRM-1233,25,Pokhara,3,South Korea,Security Guard,6.6,Bank Transfer,24489,30,75,0,14316,10173,1,52797,97,0.975,0.61,1.0,0.822,3.69,0.888,0.265,1.711,1.0,0.95,Senior (3-7yr),0,64.1,1,26635,2,0
NRM-1234,54,Lalitpur,2,Saudi Arabia,Technician,8.8,Western Union,38243,15,67,0,8986,29257,1,35294,73,0.981,0.39,1.0,0.838,3.93,0.851,0.615,4.256,1.0,0.68,Veteran (7+yr),0,66.3,1,47438,3,0
NRM-1235,35,Butwal,7,Saudi Arabia,Factory Worker,10.7,Western Union,31094,30,12,18,38717,-7623,1,43827,91,0.997,0.48,0.725,0.797,1.13,0.809,-0.395,0.803,0.4,0.68,Veteran (7+yr),0,56.5,1,40096,3,0
NRM-1236,42,Pokhara,3,Saudi Arabia,Security Guard,1.4,Prabhu Money,21720,60,67,0,11466,10254,0,3516,88,0.91,0.0,0.658,0.965,0.31,0.695,0.322,1.894,1.0,0.68,Mid (1-3yr),0,56.7,1,28187,2,1
NRM-1237,41,Kathmandu,6,UAE,Driver,8.9,IME,35030,15,27,0,38814,-3784,0,19751,77,0.971,0.0,1.0,0.828,0.51,0.891,-0.258,0.903,1.0,0.85,Veteran (7+yr),0,52.5,1,29298,2,1
NRM-1238,29,Lalitpur,4,Kuwait,Construction,2.7,Prabhu Money,25972,30,54,0,17612,8360,0,30373,90,0.905,0.0,0.991,0.917,1.72,0.792,0.172,1.475,1.0,0.78,Mid (1-3yr),0,58.8,1,36408,2,1
NRM-1239,28,Butwal,2,Kuwait,Factory Worker,10.4,Western Union,26467,30,66,0,10082,16385,0,30270,29,0.997,0.0,1.0,0.784,3.0,0.809,0.469,2.625,1.0,0.78,Veteran (7+yr),0,63.1,1,29663,2,1
NRM-1240,24,Bhaktapur,3,Saudi Arabia,Construction,9.9,Bank Transfer,30417,30,49,0,16497,13920,0,10386,51,0.997,0.0,0.87,0.803,0.63,0.899,0.308,1.844,1.0,0.68,Veteran (7+yr),0,59.1,1,29920,2,1
NRM-1241,38,Butwal,2,Malaysia,Factory Worker,6.7,Bank Transfer,30326,60,16,44,10630,19696,0,64817,49,0.988,0.0,0.247,0.842,6.1,0.794,0.499,2.853,0.267,0.72,Senior (3-7yr),0,74.6,1,29393,2,1
NRM-1242,54,Dharan,2,Saudi Arabia,Driver,8.7,IME,33412,30,2,28,12306,21106,0,65184,43,0.97,0.0,0.174,0.825,5.3,0.84,0.482,2.715,0.067,0.68,Veteran (7+yr),0,75.6,1,38026,2,1
NRM-1243,33,Kathmandu,7,UAE,Construction,4.1,Western Union,27240,30,60,0,41832,-14592,2,79693,92,0.991,1.1,1.0,0.88,1.91,0.805,-0.686,0.651,1.0,0.85,Senior (3-7yr),0,56.1,1,38702,2,0
NRM-1244,43,Lalitpur,7,Saudi Arabia,Domestic Worker,5.9,Bank Transfer,18298,45,54,0,25529,-7231,2,37879,92,0.963,1.64,1.0,0.804,1.48,0.832,-0.545,0.717,1.0,0.68,Senior (3-7yr),0,53.1,1,19484,1,0
NRM-1245,43,Bhaktapur,4,Saudi Arabia,Technician,9.9,Bank Transfer,41309,30,30,0,18564,22745,0,49597,72,0.997,0.0,0.58,0.834,2.67,0.898,0.401,2.225,1.0,0.68,Veteran (7+yr),0,69.5,1,54726,3,1
NRM-1246,51,Kathmandu,6,Saudi Arabia,Technician,5.8,Prabhu Money,44879,30,84,0,26094,18785,0,39132,87,0.968,0.0,1.0,0.895,1.5,0.824,0.269,1.72,1.0,0.68,Senior (3-7yr),0,59.6,1,38944,2,1
NRM-1247,29,Butwal,2,Malaysia,Factory Worker,4.6,Hundi,26611,30,38,0,7732,18879,0,3626,93,0.977,0.0,0.623,0.866,0.47,0.708,0.559,3.442,1.0,0.72,Senior (3-7yr),0,63.0,1,30156,2,1
NRM-1248,48,Kathmandu,3,UAE,Domestic Worker,6.2,Hundi,21390,30,28,2,19191,2199,0,77065,5,0.962,0.0,0.732,0.815,4.02,0.701,-0.047,1.115,0.933,0.85,Senior (3-7yr),0,56.5,1,31960,2,0
NRM-1249,48,Lalitpur,5,Qatar,Construction,10.0,Hundi,31225,60,25,35,22945,8280,2,55390,42,0.993,0.96,0.594,0.805,2.41,0.616,0.115,1.361,0.417,0.8,Veteran (7+yr),0,57.9,1,41819,3,0
NRM-1250,55,Chitwan,2,Qatar,Domestic Worker,4.4,Bank Transfer,19086,45,10,35,11076,8010,0,16645,7,0.956,0.0,0.321,0.838,1.5,0.828,0.27,1.723,0.222,0.8,Senior (3-7yr),0,70.9,1,18081,1,0
NRM-1251,42,Kathmandu,2,UAE,Domestic Worker,2.5,Bank Transfer,15466,30,60,0,12720,2746,1,54144,42,0.972,0.97,1.0,0.873,4.26,0.886,0.028,1.216,1.0,0.85,Mid (1-3yr),0,58.6,1,17801,1,0
NRM-1252,51,Dharan,4,Malaysia,Construction,8.7,Bank Transfer,32382,45,42,3,14696,17686,0,13382,36,0.975,0.0,0.555,0.822,0.91,0.838,0.396,2.203,0.933,0.72,Veteran (7+yr),0,67.8,1,31201,2,1
NRM-1253,54,Kathmandu,6,Saudi Arabia,Driver,10.0,Bank Transfer,32962,30,40,0,32124,838,2,4025,105,0.974,0.91,1.0,0.81,0.13,0.887,-0.125,1.026,1.0,0.68,Veteran (7+yr),1,45.8,1,35819,2,0
NRM-1254,49,Butwal,5,Saudi Arabia,Domestic Worker,1.7,IME,15894,15,77,0,20435,-4541,0,43226,27,0.978,0.0,1.0,0.914,2.12,0.894,-0.436,0.778,1.0,0.68,Mid (1-3yr),0,56.3,1,21394,2,1
NRM-1255,54,Butwal,7,UAE,Domestic Worker,3.3,Hundi,18311,30,42,0,27958,-9647,1,79380,58,0.921,0.82,1.0,0.862,2.84,0.681,-0.677,0.655,1.0,0.85,Senior (3-7yr),0,52.7,1,24534,2,0
NRM-1256,26,Bhaktapur,7,Saudi Arabia,Driver,2.1,IME,31474,30,47,0,32459,-985,0,69711,46,0.915,0.0,1.0,0.962,2.15,0.813,-0.181,0.97,1.0,0.68,Mid (1-3yr),0,55.0,1,30204,2,1
NRM-1257,40,Butwal,3,UAE,Domestic Worker,4.5,IME,16052,30,37,0,15852,200,1,74710,66,0.992,0.93,0.955,0.818,4.71,0.851,-0.138,1.013,1.0,0.85,Senior (3-7yr),0,57.0,1,23204,2,0
NRM-1258,25,Pokhara,5,UAE,Domestic Worker,5.7,Bank Transfer,21196,30,80,0,23350,-2154,0,3443,25,0.977,0.0,1.0,0.822,0.15,0.889,-0.252,0.908,1.0,0.85,Senior (3-7yr),1,48.8,1,25748,2,1
NRM-1259,56,Lalitpur,7,Malaysia,Domestic Worker,9.1,Western Union,20988,60,22,38,24738,-3750,0,21395,73,0.995,0.0,0.618,0.774,0.86,0.707,-0.329,0.848,0.367,0.72,Veteran (7+yr),0,54.4,1,22372,2,1
NRM-1260,38,Lalitpur,3,South Korea,Technician,8.0,Hundi,40770,30,57,0,13494,27276,2,10725,117,0.974,0.74,1.0,0.854,0.79,0.707,0.519,3.021,1.0,0.95,Veteran (7+yr),0,63.0,1,46940,3,0
NRM-1261,49,Chitwan,6,UAE,Security Guard,7.6,IME,21633,30,84,0,28992,-7359,2,33461,27,0.97,1.39,1.0,0.795,1.15,0.84,-0.49,0.746,1.0,0.85,Veteran (7+yr),0,55.7,1,26469,2,0
NRM-1262,51,Chitwan,3,Qatar,Driver,4.6,Bank Transfer,27439,15,27,0,18255,9184,1,41115,1,0.993,0.55,1.0,0.869,2.25,0.947,0.185,1.503,1.0,0.8,Senior (3-7yr),0,62.4,1,32705,2,0
NRM-1263,50,Lalitpur,7,Qatar,Domestic Worker,10.2,Western Union,23024,15,41,0,44079,-21055,1,79790,87,0.985,0.65,1.0,0.772,1.81,0.853,-1.0,0.522,1.0,0.8,Veteran (7+yr),0,54.9,1,26258,2,0
NRM-1264,27,Dharan,4,Qatar,Technician,5.9,Western Union,34050,30,80,0,18148,15902,1,79557,74,0.959,0.44,1.0,0.866,4.38,0.789,0.317,1.876,1.0,0.8,Senior (3-7yr),0,61.1,1,39275,2,0
NRM-1265,56,Chitwan,4,Saudi Arabia,Driver,11.8,Bank Transfer,35005,30,34,0,15492,19513,0,71260,42,0.976,0.0,0.63,0.8,4.6,0.888,0.407,2.26,1.0,0.68,Veteran (7+yr),0,68.1,1,32326,2,1
NRM-1266,45,Bhaktapur,4,UAE,Factory Worker,7.8,Bank Transfer,31256,45,32,13,24416,6840,0,28690,52,0.98,0.0,0.597,0.83,1.18,0.84,0.069,1.28,0.711,0.85,Veteran (7+yr),0,63.6,1,42786,3,1
NRM-1267,50,Butwal,7,Saudi Arabia,Factory Worker,2.0,Western Union,20043,30,89,0,34657,-14614,0,1407,25,0.857,0.0,1.0,0.921,0.04,0.739,-0.879,0.578,1.0,0.68,Mid (1-3yr),1,42.9,1,23635,2,1
NRM-1268,52,Lalitpur,4,UAE,Domestic Worker,8.3,Western Union,22944,15,66,0,21004,1940,1,73568,54,0.981,0.65,1.0,0.792,3.5,0.85,-0.065,1.092,1.0,0.85,Veteran (7+yr),0,55.9,1,20460,2,0
NRM-1269,56,Chitwan,5,Qatar,Technician,4.2,Bank Transfer,37285,30,12,18,28900,8385,0,58560,67,0.972,0.0,0.47,0.909,2.03,0.886,0.075,1.29,0.4,0.8,Senior (3-7yr),0,67.2,1,49824,3,1
NRM-1270,54,Lalitpur,6,UAE,Technician,8.4,Western Union,43837,30,40,0,25224,18613,0,47340,6,0.97,0.0,0.763,0.856,1.88,0.795,0.275,1.738,1.0,0.85,Veteran (7+yr),0,64.5,1,63682,3,0
NRM-1271,42,Pokhara,3,Qatar,Driver,1.3,Bank Transfer,24412,15,73,0,12186,12226,1,17794,58,0.886,0.61,1.0,0.984,1.46,0.893,0.351,2.003,1.0,0.8,Mid (1-3yr),0,66.1,1,35717,2,0
NRM-1272,53,Kathmandu,3,UAE,Driver,2.5,Western Union,24415,45,76,0,19458,4957,1,19881,70,0.943,0.61,1.0,0.919,1.02,0.732,0.053,1.255,1.0,0.85,Mid (1-3yr),0,55.9,1,25838,2,0
NRM-1273,44,Butwal,7,Qatar,Technician,10.3,Bank Transfer,38926,30,73,0,45038,-6112,0,49703,53,0.986,0.0,1.0,0.824,1.1,0.893,-0.307,0.864,1.0,0.8,Veteran (7+yr),0,56.7,1,34833,2,1
NRM-1274,54,Lalitpur,4,South Korea,Driver,3.1,IME,24049,30,10,20,25092,-1043,0,44354,66,0.918,0.0,0.551,0.896,1.77,0.814,-0.193,0.958,0.333,0.95,Senior (3-7yr),0,64.8,1,27966,2,1
NRM-1275,24,Kathmandu,4,Qatar,Technician,10.1,Bank Transfer,39093,30,48,0,21492,17601,0,78462,58,0.975,0.0,0.86,0.826,3.65,0.888,0.3,1.819,1.0,0.8,Veteran (7+yr),0,64.7,1,34355,2,1
NRM-1276,39,Chitwan,2,Japan,Security Guard,3.7,Bank Transfer,23009,30,20,10,11246,11763,0,14390,82,0.967,0.0,0.462,0.874,1.28,0.884,0.361,2.046,0.667,0.93,Senior (3-7yr),0,74.4,1,33450,2,1
NRM-1277,46,Kathmandu,6,UAE,Technician,7.9,Bank Transfer,46381,30,39,0,23628,22753,0,27307,87,0.987,0.0,0.724,0.868,1.16,0.894,0.341,1.963,1.0,0.85,Veteran (7+yr),0,69.1,1,43065,3,1
NRM-1278,52,Butwal,5,South Korea,Factory Worker,8.5,Bank Transfer,30913,45,60,0,26915,3998,1,24502,2,0.983,0.49,0.948,0.82,0.91,0.841,-0.021,1.149,1.0,0.95,Veteran (7+yr),0,57.5,1,30200,2,0
NRM-1279,24,Lalitpur,3,Saudi Arabia,Driver,6.4,Hundi,32528,30,66,0,16437,16091,1,22486,76,0.973,0.46,1.0,0.853,1.37,0.707,0.345,1.979,1.0,0.68,Senior (3-7yr),0,57.6,1,35281,2,0
NRM-1280,45,Pokhara,2,Malaysia,Technician,4.0,Bank Transfer,33235,45,65,0,8396,24839,1,38258,22,0.982,0.45,0.745,0.903,4.56,0.841,0.597,3.958,1.0,0.72,Senior (3-7yr),0,71.1,1,35502,2,0
NRM-1281,53,Dharan,2,Malaysia,Technician,2.9,IME,34679,30,51,0,9624,25055,0,57716,37,0.918,0.0,0.791,0.939,6.0,0.814,0.572,3.603,1.0,0.72,Mid (1-3yr),0,69.8,1,47033,3,1
NRM-1282,43,Chitwan,7,UAE,Driver,0.9,Bank Transfer,24563,45,36,9,45234,-20671,1,10748,20,0.838,0.61,1.0,1.021,0.24,0.769,-0.992,0.543,0.8,0.85,New (<1yr),0,49.7,0,0,1,0
NRM-1283,44,Lalitpur,3,Saudi Arabia,Security Guard,4.0,Bank Transfer,20349,30,24,6,15189,5160,0,62785,103,0.975,0.0,0.619,0.853,4.13,0.887,0.104,1.34,0.8,0.68,Senior (3-7yr),0,63.0,1,18711,1,1
NRM-1284,23,Butwal,7,UAE,Security Guard,8.0,Bank Transfer,25405,45,27,18,45066,-19661,0,76050,24,0.996,0.0,0.95,0.806,1.69,0.848,-0.924,0.564,0.6,0.85,Veteran (7+yr),0,56.8,1,25075,2,1
NRM-1285,48,Chitwan,5,Saudi Arabia,Driver,11.3,Bank Transfer,35027,30,2,28,20955,14072,1,22738,112,0.994,0.43,0.333,0.804,1.09,0.897,0.252,1.672,0.067,0.68,Veteran (7+yr),0,69.7,1,40504,3,0
NRM-1286,23,Bhaktapur,2,Qatar,Construction,10.5,Bank Transfer,30772,60,31,29,11600,19172,0,74231,84,0.973,0.0,0.357,0.798,6.4,0.786,0.473,2.653,0.517,0.8,Veteran (7+yr),0,72.7,1,27793,2,1
NRM-1287,47,Kathmandu,2,UAE,Driver,9.3,Hundi,31700,30,57,0,9400,22300,0,73606,65,0.99,0.0,0.879,0.813,7.83,0.715,0.553,3.372,1.0,0.85,Veteran (7+yr),0,65.7,1,38932,2,1
NRM-1288,38,Dharan,6,Saudi Arabia,Driver,9.6,Hundi,36451,15,78,0,35742,709,1,41662,65,0.995,0.41,1.0,0.824,1.17,0.767,-0.131,1.02,1.0,0.68,Veteran (7+yr),0,51.7,1,43596,3,0
NRM-1289,54,Butwal,5,Saudi Arabia,Security Guard,8.1,Hundi,27405,15,66,0,25670,1735,0,15123,81,0.983,0.0,1.0,0.813,0.59,0.761,-0.087,1.068,1.0,0.68,Veteran (7+yr),0,47.3,1,35634,2,1
NRM-1290,30,Bhaktapur,2,Malaysia,Security Guard,3.5,Hundi,20354,45,29,16,10266,10088,1,25616,1,0.974,0.74,0.526,0.867,2.5,0.657,0.346,1.983,0.644,0.72,Senior (3-7yr),0,64.3,1,29643,2,0
NRM-1291,50,Lalitpur,5,Saudi Arabia,Driver,10.9,Hundi,38300,30,15,15,18130,20170,0,11182,117,0.999,0.0,0.389,0.816,0.62,0.72,0.377,2.113,0.5,0.68,Veteran (7+yr),0,63.3,1,55097,3,1
NRM-1292,47,Pokhara,3,Japan,Driver,8.2,Bank Transfer,36511,45,12,33,15018,21493,1,62013,116,0.988,0.41,0.338,0.84,4.13,0.844,0.439,2.431,0.267,0.93,Veteran (7+yr),0,76.4,1,53388,3,0
NRM-1293,56,Chitwan,4,UAE,Driver,6.9,Hundi,29524,30,28,2,18764,10760,0,31331,109,0.976,0.0,0.628,0.836,1.67,0.708,0.214,1.573,0.933,0.85,Senior (3-7yr),0,62.8,1,28676,2,1
NRM-1294,46,Kathmandu,2,UAE,Security Guard,1.8,Prabhu Money,19320,30,84,0,12278,7042,0,46098,94,0.908,0.0,1.0,0.928,3.75,0.794,0.214,1.574,1.0,0.85,Mid (1-3yr),0,60.8,1,17235,1,1
NRM-1295,45,Chitwan,6,UAE,Driver,5.6,Hundi,30183,15,24,0,22758,7425,1,26128,105,0.981,0.5,1.0,0.859,1.15,0.76,0.096,1.326,1.0,0.85,Senior (3-7yr),0,56.6,1,30532,2,0
NRM-1296,34,Dharan,3,UAE,Driver,5.8,Western Union,34480,60,21,39,14598,19882,0,31556,111,0.977,0.0,0.309,0.869,2.16,0.698,0.427,2.362,0.35,0.85,Senior (3-7yr),0,72.1,1,49187,3,1
NRM-1297,28,Lalitpur,5,South Korea,Domestic Worker,10.4,Bank Transfer,25239,45,10,35,22595,2644,0,21876,3,0.972,0.0,0.447,0.779,0.97,0.836,-0.045,1.117,0.222,0.95,Veteran (7+yr),0,64.8,1,37364,2,0
NRM-1298,57,Chitwan,7,Qatar,Construction,6.8,IME,25587,60,78,0,40999,-15412,0,8949,46,0.983,0.0,1.0,0.823,0.22,0.747,-0.752,0.624,1.0,0.8,Senior (3-7yr),1,45.2,1,35860,2,1
NRM-1299,41,Kathmandu,3,Malaysia,Factory Worker,4.9,IME,24661,30,18,12,18627,6034,0,51962,55,0.984,0.0,0.542,0.852,2.79,0.847,0.095,1.324,0.6,0.72,Senior (3-7yr),0,63.5,1,21628,2,1
NRM-1300,22,Lalitpur,2,UAE,Construction,11.7,Hundi,33451,30,88,0,12150,21301,0,71206,75,0.994,0.0,1.0,0.796,5.86,0.717,0.487,2.753,1.0,0.85,Veteran (7+yr),0,62.4,1,48945,3,1
NRM-1301,29,Chitwan,5,Saudi Arabia,Domestic Worker,1.8,Prabhu Money,16307,45,14,31,30435,-14128,0,24099,88,0.924,0.0,0.871,0.911,0.79,0.752,-1.0,0.536,0.311,0.68,Mid (1-3yr),0,52.5,1,17878,1,1
NRM-1302,37,Pokhara,4,Saudi Arabia,Factory Worker,5.4,Bank Transfer,23470,30,34,0,15672,7798,2,12716,86,0.958,1.28,0.854,0.838,0.81,0.879,0.182,1.498,1.0,0.68,Senior (3-7yr),0,58.7,1,18928,1,0
NRM-1303,35,Butwal,3,UAE,Driver,1.0,Bank Transfer,29858,45,58,0,11829,18029,0,52611,64,0.938,0.0,0.674,1.03,4.45,0.819,0.454,2.524,1.0,0.85,New (<1yr),0,72.6,1,33132,2,1
NRM-1304,33,Lalitpur,2,UAE,Domestic Worker,9.0,IME,23023,60,76,0,8368,14655,0,38885,108,0.976,0.0,0.652,0.785,4.65,0.743,0.487,2.751,1.0,0.85,Veteran (7+yr),0,68.1,1,19160,1,1
NRM-1305,44,Butwal,6,UAE,Driver,11.1,IME,37740,45,22,23,38322,-582,0,53144,45,0.999,0.0,0.602,0.813,1.39,0.805,-0.165,0.985,0.489,0.85,Veteran (7+yr),0,61.0,1,44560,3,1
NRM-1306,36,Lalitpur,7,Qatar,Security Guard,3.7,Bank Transfer,24371,45,70,0,40481,-16110,0,65220,26,0.966,0.0,1.0,0.879,1.61,0.833,-0.811,0.602,1.0,0.8,Senior (3-7yr),0,56.0,1,25272,2,1
NRM-1307,49,Pokhara,5,UAE,Technician,10.4,Bank Transfer,46648,30,36,0,24810,21838,2,7837,77,0.978,0.64,0.826,0.841,0.32,0.889,0.318,1.88,1.0,0.85,Veteran (7+yr),0,59.8,1,52777,3,0
NRM-1308,55,Butwal,3,Qatar,Domestic Worker,3.9,Bank Transfer,17635,30,45,0,17283,352,0,49355,65,0.974,0.0,0.992,0.842,2.86,0.887,-0.13,1.02,1.0,0.8,Senior (3-7yr),0,56.9,1,21677,2,1
NRM-1309,23,Bhaktapur,3,UAE,Security Guard,11.0,Bank Transfer,28473,60,36,24,10752,17721,2,47299,24,0.985,1.05,0.524,0.786,4.4,0.792,0.472,2.648,0.6,0.85,Veteran (7+yr),0,70.9,1,40094,3,0
NRM-1310,53,Kathmandu,4,Saudi Arabia,Domestic Worker,9.2,IME,20342,15,22,0,25364,-5022,0,19159,74,0.993,0.0,1.0,0.77,0.76,0.902,-0.397,0.802,1.0,0.68,Veteran (7+yr),0,51.9,1,25698,2,1
NRM-1311,44,Bhaktapur,4,Saudi Arabia,Domestic Worker,9.8,Hundi,23645,45,78,0,21068,2577,1,51012,35,0.977,0.63,1.0,0.779,2.42,0.659,-0.041,1.122,1.0,0.68,Veteran (7+yr),0,48.4,1,26100,2,0
NRM-1312,43,Chitwan,6,Saudi Arabia,Security Guard,0.7,Bank Transfer,17214,45,80,0,21504,-4290,0,59305,24,0.978,0.0,1.0,1.011,2.76,0.839,-0.399,0.801,1.0,0.68,New (<1yr),0,56.3,1,23645,2,1
NRM-1313,46,Pokhara,7,Qatar,Factory Worker,11.6,Bank Transfer,32431,30,61,0,38108,-5677,1,17106,28,0.978,0.46,1.0,0.794,0.45,0.889,-0.325,0.851,1.0,0.8,Veteran (7+yr),0,50.6,1,46503,3,0
NRM-1314,43,Bhaktapur,6,Saudi Arabia,Construction,8.9,Bank Transfer,28378,60,56,4,33672,-5294,1,58123,100,0.993,0.53,0.915,0.807,1.73,0.797,-0.337,0.843,0.933,0.68,Veteran (7+yr),0,53.5,1,25081,2,0
NRM-1315,43,Lalitpur,2,UAE,Driver,4.0,Bank Transfer,25216,30,89,0,10338,14878,0,8720,80,0.934,0.0,1.0,0.875,0.84,0.867,0.44,2.439,1.0,0.85,Senior (3-7yr),0,64.8,1,29562,2,1
NRM-1316,27,Chitwan,2,UAE,Domestic Worker,10.0,Western Union,21009,30,33,0,8324,12685,0,37661,104,0.989,0.0,0.598,0.765,4.52,0.805,0.454,2.524,1.0,0.85,Veteran (7+yr),0,69.5,1,20991,2,1
NRM-1317,36,Chitwan,6,South Korea,Driver,3.7,Prabhu Money,23878,15,45,0,24756,-878,0,21120,16,0.941,0.0,1.0,0.877,0.85,0.861,-0.187,0.965,1.0,0.95,Senior (3-7yr),0,57.4,1,19889,1,1
NRM-1318,54,Bhaktapur,7,Qatar,Technician,10.5,IME,46343,30,36,0,24941,21402,2,19790,59,0.991,0.65,0.829,0.839,0.79,0.85,0.312,1.858,1.0,0.8,Veteran (7+yr),0,62.5,1,58762,3,0
NRM-1319,29,Bhaktapur,6,Saudi Arabia,Security Guard,1.8,Bank Transfer,21966,30,20,10,38916,-16950,0,58655,81,0.849,0.0,0.975,0.941,1.51,0.825,-0.922,0.564,0.667,0.68,Mid (1-3yr),0,55.3,1,30838,2,1
NRM-1320,26,Pokhara,7,Saudi Arabia,Driver,8.6,IME,32671,30,18,12,30926,1745,0,59643,115,0.996,0.0,0.619,0.824,1.93,0.853,-0.097,1.056,0.6,0.68,Veteran (7+yr),0,59.6,1,29862,2,1
NRM-1321,25,Kathmandu,7,UAE,Security Guard,6.7,IME,21889,45,38,7,34125,-12236,1,47374,54,0.992,0.69,1.0,0.809,1.39,0.801,-0.709,0.641,0.844,0.85,Senior (3-7yr),0,54.9,1,29959,2,0
NRM-1322,27,Bhaktapur,5,Qatar,Driver,1.6,IME,22973,60,67,0,23405,-432,0,42907,79,0.908,0.0,0.854,0.957,1.83,0.709,-0.169,0.982,1.0,0.8,Mid (1-3yr),0,56.3,1,32101,2,1
NRM-1323,53,Dharan,7,Qatar,Construction,3.3,Hundi,22057,30,23,7,35784,-13727,2,50071,16,0.993,1.36,1.0,0.881,1.4,0.716,-0.772,0.616,0.767,0.8,Senior (3-7yr),0,53.1,1,31762,2,0
NRM-1324,51,Bhaktapur,4,South Korea,Construction,0.6,Bank Transfer,21180,30,16,14,15960,5220,1,34812,15,0.902,0.71,0.581,1.047,2.18,0.851,0.096,1.327,0.533,0.95,New (<1yr),0,69.4,1,20877,2,0
NRM-1325,56,Butwal,7,UAE,Construction,5.9,Bank Transfer,31764,60,59,1,37646,-5882,1,49570,98,0.952,0.47,0.934,0.859,1.32,0.776,-0.335,0.844,0.983,0.85,Senior (3-7yr),0,56.0,1,45510,3,0
NRM-1326,37,Lalitpur,7,UAE,Construction,4.0,Bank Transfer,24563,15,69,0,38080,-13517,1,50901,11,0.927,0.61,1.0,0.872,1.34,0.913,-0.7,0.645,1.0,0.85,Senior (3-7yr),0,58.7,1,25163,2,0
NRM-1327,34,Dharan,7,UAE,Construction,7.4,Bank Transfer,28269,15,68,0,26684,1585,0,60186,65,0.985,0.0,1.0,0.825,2.26,0.942,-0.094,1.059,1.0,0.85,Veteran (7+yr),0,58.7,1,33545,2,1
NRM-1328,51,Dharan,2,Saudi Arabia,Construction,3.9,Bank Transfer,23291,30,21,9,12324,10967,0,50251,79,0.929,0.0,0.492,0.87,4.08,0.864,0.321,1.89,0.7,0.68,Senior (3-7yr),0,68.9,1,19456,1,1
NRM-1329,40,Butwal,4,Qatar,Security Guard,3.9,Hundi,20076,30,78,0,17672,2404,0,65171,90,0.958,0.0,1.0,0.855,3.69,0.699,-0.03,1.136,1.0,0.8,Senior (3-7yr),0,52.3,1,16677,1,1
NRM-1330,38,Butwal,4,UAE,Domestic Worker,9.0,Western Union,22155,30,78,0,21528,627,0,36160,115,0.991,0.0,1.0,0.781,1.68,0.806,-0.122,1.029,1.0,0.85,Veteran (7+yr),0,54.6,1,28895,2,1
NRM-1331,40,Chitwan,6,Saudi Arabia,Driver,1.1,Hundi,27553,60,70,0,25872,1681,1,19156,68,0.808,0.54,0.909,1.013,0.74,0.524,-0.089,1.065,1.0,0.68,Mid (1-3yr),0,47.3,1,30615,2,0
NRM-1332,49,Kathmandu,5,Kuwait,Construction,10.9,Bank Transfer,30116,30,12,18,32435,-2319,2,76208,43,0.982,1.0,0.724,0.792,2.35,0.891,-0.227,0.929,0.4,0.78,Veteran (7+yr),0,60.0,1,29495,2,0
NRM-1333,47,Lalitpur,7,Qatar,Security Guard,10.3,Prabhu Money,24044,30,16,14,34923,-10879,0,79980,69,0.971,0.0,0.794,0.776,2.29,0.826,-0.602,0.688,0.533,0.8,Veteran (7+yr),0,57.4,1,22440,2,1
NRM-1334,47,Pokhara,3,UAE,Security Guard,8.2,Prabhu Money,24697,30,81,0,14478,10219,0,72320,99,0.99,0.0,1.0,0.801,5.0,0.835,0.264,1.706,1.0,0.85,Veteran (7+yr),0,60.9,1,31339,2,1
NRM-1335,44,Dharan,5,UAE,Security Guard,7.3,IME,22879,30,87,0,20895,1984,2,17929,13,0.972,1.31,1.0,0.805,0.86,0.841,-0.063,1.095,1.0,0.85,Veteran (7+yr),0,54.4,1,18309,1,0
NRM-1336,30,Pokhara,5,Saudi Arabia,Domestic Worker,10.8,Prabhu Money,21947,45,14,31,19670,2277,0,66606,10,0.999,0.0,0.483,0.762,3.39,0.789,-0.046,1.116,0.311,0.68,Veteran (7+yr),0,59.1,1,29938,2,0
NRM-1337,33,Bhaktapur,4,UAE,Driver,2.6,Hundi,32098,45,61,0,16724,15374,0,62559,75,0.987,0.0,0.751,0.942,3.74,0.663,0.329,1.919,1.0,0.85,Mid (1-3yr),0,63.8,1,27459,2,1
NRM-1338,22,Bhaktapur,5,Saudi Arabia,Domestic Worker,1.4,Prabhu Money,16609,45,71,0,23290,-6681,0,54205,82,0.999,0.0,1.0,0.938,2.33,0.79,-0.552,0.713,1.0,0.68,Mid (1-3yr),0,54.0,1,15513,1,1
NRM-1339,22,Pokhara,7,Malaysia,Factory Worker,3.3,Bank Transfer,24695,30,46,0,32011,-7316,2,68475,98,0.909,1.21,1.0,0.892,2.14,0.855,-0.446,0.771,1.0,0.72,Senior (3-7yr),0,55.6,1,26432,2,0
NRM-1340,55,Bhaktapur,7,Saudi Arabia,Security Guard,9.6,Bank Transfer,25990,60,32,28,34685,-8695,1,64341,103,0.975,0.58,0.814,0.79,1.86,0.787,-0.485,0.749,0.533,0.68,Veteran (7+yr),0,54.5,1,29613,2,0
NRM-1341,53,Kathmandu,2,UAE,Factory Worker,0.9,Bank Transfer,21751,45,15,30,11774,9977,1,42863,41,0.738,0.69,0.417,1.009,3.64,0.719,0.309,1.847,0.333,0.85,New (<1yr),0,70.8,1,22805,2,0
NRM-1342,46,Butwal,7,South Korea,Technician,7.2,Bank Transfer,41391,45,44,1,41258,133,1,65439,106,0.979,0.36,0.856,0.866,1.59,0.839,-0.147,1.003,0.978,0.95,Veteran (7+yr),0,60.4,1,42405,3,0
NRM-1343,22,Bhaktapur,7,Saudi Arabia,Construction,11.9,Bank Transfer,34863,15,17,0,43351,-8488,0,7194,50,0.992,0.0,0.951,0.798,0.17,0.946,-0.393,0.804,1.0,0.68,Veteran (7+yr),1,48.3,1,51413,3,1
NRM-1344,37,Chitwan,4,Saudi Arabia,Construction,10.3,Western Union,33633,15,41,0,19480,14153,0,71387,87,0.996,0.0,1.0,0.809,3.66,0.858,0.271,1.727,1.0,0.68,Veteran (7+yr),0,59.2,1,42011,3,1
NRM-1345,26,Bhaktapur,7,Qatar,Domestic Worker,6.5,IME,18244,30,54,0,29036,-10792,1,66214,71,0.987,0.82,1.0,0.794,2.28,0.848,-0.742,0.628,1.0,0.8,Senior (3-7yr),0,55.1,1,14894,1,0
NRM-1346,43,Lalitpur,2,Japan,Driver,1.2,Hundi,26611,45,44,1,7488,19123,0,29777,59,0.906,0.0,0.504,1.001,3.98,0.623,0.569,3.554,0.978,0.93,Mid (1-3yr),0,73.4,1,29301,2,1
NRM-1347,50,Kathmandu,3,Qatar,Factory Worker,10.1,Bank Transfer,28975,30,5,25,16968,12007,1,26183,39,0.978,0.52,0.368,0.796,1.54,0.889,0.264,1.708,0.167,0.8,Veteran (7+yr),0,70.9,1,40927,3,0
NRM-1348,24,Lalitpur,4,Qatar,Driver,7.4,IME,35090,30,27,3,24320,10770,2,27445,3,0.978,0.85,0.771,0.846,1.13,0.844,0.157,1.443,0.9,0.8,Veteran (7+yr),0,62.4,1,35476,2,0
NRM-1349,33,Lalitpur,3,Qatar,Domestic Worker,1.8,Western Union,17012,45,87,0,11385,5627,1,67038,76,0.987,0.88,1.0,0.915,5.89,0.754,0.181,1.494,1.0,0.8,Mid (1-3yr),0,58.2,1,14735,1,0
NRM-1350,47,Chitwan,4,Saudi Arabia,Construction,1.6,Bank Transfer,25189,45,78,0,22636,2553,1,16198,7,0.997,0.6,1.0,0.966,0.72,0.848,-0.049,1.113,1.0,0.68,Mid (1-3yr),0,53.1,1,33523,2,0
NRM-1351,37,Kathmandu,6,Qatar,Driver,11.0,Western Union,30796,60,79,0,30672,124,1,21411,49,0.997,0.49,0.992,0.794,0.7,0.709,-0.146,1.004,1.0,0.8,Veteran (7+yr),0,48.8,1,37700,2,0
NRM-1352,43,Kathmandu,5,Qatar,Driver,8.2,Bank Transfer,33213,30,43,0,29450,3763,1,50577,26,0.985,0.45,0.995,0.831,1.72,0.892,-0.037,1.128,1.0,0.8,Veteran (7+yr),0,56.8,1,39829,2,0
NRM-1353,50,Kathmandu,6,Qatar,Construction,10.0,Bank Transfer,28275,45,31,14,33888,-5613,0,15867,33,0.972,0.0,0.755,0.795,0.47,0.836,-0.349,0.834,0.689,0.8,Veteran (7+yr),0,53.2,1,23680,2,1
NRM-1354,35,Kathmandu,7,Qatar,Factory Worker,10.6,Prabhu Money,28777,30,17,13,43232,-14455,0,62501,101,0.982,0.0,0.828,0.791,1.45,0.831,-0.652,0.666,0.567,0.8,Veteran (7+yr),0,57.2,1,25851,2,1
NRM-1355,49,Kathmandu,3,Saudi Arabia,Construction,7.1,Bank Transfer,26179,30,83,0,15381,10798,0,14266,48,0.966,0.0,1.0,0.821,0.93,0.883,0.262,1.702,1.0,0.68,Veteran (7+yr),0,59.1,1,32351,2,1
NRM-1356,26,Chitwan,7,Saudi Arabia,Driver,6.5,Hundi,32674,30,54,0,24689,7985,1,39422,79,0.978,0.46,1.0,0.852,1.6,0.709,0.094,1.323,1.0,0.68,Senior (3-7yr),0,52.6,1,30892,2,0
NRM-1357,51,Bhaktapur,5,UAE,Factory Worker,5.4,IME,23570,30,62,0,32420,-8850,0,35208,2,0.98,0.0,1.0,0.838,1.09,0.845,-0.525,0.727,1.0,0.85,Senior (3-7yr),0,56.4,1,27172,2,0
NRM-1358,26,Lalitpur,4,UAE,Factory Worker,4.1,Western Union,24014,30,87,0,21940,2074,1,31213,105,0.992,0.62,1.0,0.868,1.42,0.806,-0.064,1.095,1.0,0.85,Senior (3-7yr),0,55.9,1,28370,2,0
NRM-1359,33,Kathmandu,5,Saudi Arabia,Construction,5.5,Bank Transfer,31487,45,32,13,25300,6187,0,7367,71,0.952,0.0,0.606,0.865,0.29,0.826,0.046,1.245,0.711,0.68,Senior (3-7yr),0,53.6,1,31438,2,1
NRM-1360,37,Dharan,2,Qatar,Driver,9.4,Bank Transfer,30361,30,40,0,7114,23247,1,79026,32,0.975,0.49,0.694,0.808,11.11,0.888,0.616,4.268,1.0,0.8,Veteran (7+yr),0,73.2,1,44445,3,0
NRM-1361,47,Bhaktapur,5,UAE,Domestic Worker,7.4,Bank Transfer,20812,45,13,32,25105,-4293,0,35362,4,0.993,0.0,0.598,0.794,1.41,0.847,-0.356,0.829,0.289,0.85,Veteran (7+yr),0,61.9,1,28922,2,0
NRM-1362,47,Bhaktapur,2,Japan,Driver,10.8,Western Union,33523,30,84,0,7592,25931,1,51588,20,0.986,0.45,1.0,0.804,6.8,0.803,0.624,4.416,1.0,0.93,Veteran (7+yr),0,68.6,1,43769,3,0
NRM-1363,42,Lalitpur,5,Saudi Arabia,Security Guard,5.6,Hundi,20006,30,35,0,28405,-8399,0,38285,114,0.974,0.0,1.0,0.818,1.35,0.707,-0.57,0.704,1.0,0.68,Senior (3-7yr),0,50.1,1,17097,1,1
NRM-1364,57,Chitwan,2,Qatar,Technician,7.5,Bank Transfer,44905,30,5,25,11592,33313,0,74755,117,0.975,0.0,0.17,0.87,6.45,0.887,0.592,3.874,0.167,0.8,Veteran (7+yr),0,81.5,1,39260,2,1
NRM-1365,54,Pokhara,3,UAE,Domestic Worker,7.8,Prabhu Money,18719,30,73,0,18291,428,0,71846,36,0.964,0.0,1.0,0.778,3.93,0.822,-0.127,1.023,1.0,0.85,Veteran (7+yr),0,55.0,1,21432,2,1
NRM-1366,51,Pokhara,7,UAE,Factory Worker,7.3,Hundi,27234,30,29,1,30807,-3573,1,36307,32,0.976,0.55,0.906,0.822,1.18,0.708,-0.281,0.884,0.967,0.85,Veteran (7+yr),0,54.2,1,24851,2,0
NRM-1367,44,Bhaktapur,7,Saudi Arabia,Domestic Worker,8.6,Bank Transfer,22063,30,70,0,38248,-16185,0,19867,28,0.981,0.0,1.0,0.785,0.52,0.891,-0.884,0.577,1.0,0.68,Veteran (7+yr),0,49.4,1,32758,2,1
NRM-1368,31,Butwal,6,Qatar,Factory Worker,3.2,Hundi,25187,30,25,5,27588,-2401,0,56523,77,0.995,0.0,0.771,0.897,2.05,0.718,-0.245,0.913,0.833,0.8,Senior (3-7yr),0,56.8,1,22944,2,1
NRM-1369,26,Butwal,7,Qatar,Factory Worker,6.4,Western Union,28229,30,22,8,36239,-8010,2,6378,1,0.997,1.06,0.94,0.839,0.18,0.809,-0.434,0.779,0.733,0.8,Senior (3-7yr),1,47.5,1,32215,2,0
NRM-1370,57,Lalitpur,4,Qatar,Domestic Worker,1.7,Bank Transfer,14852,30,66,0,25524,-10672,1,76958,60,0.967,1.01,1.0,0.908,3.02,0.883,-0.869,0.582,1.0,0.8,Mid (1-3yr),0,57.7,1,15667,1,0
NRM-1371,55,Pokhara,5,Kuwait,Factory Worker,4.9,Bank Transfer,21599,60,45,15,23455,-1856,2,27926,56,0.998,1.39,0.868,0.839,1.19,0.799,-0.236,0.921,0.75,0.78,Senior (3-7yr),0,56.2,1,26946,2,0
NRM-1372,52,Bhaktapur,6,Malaysia,Factory Worker,6.1,IME,28267,30,69,0,25620,2647,0,13180,35,0.963,0.0,1.0,0.844,0.51,0.837,-0.056,1.103,1.0,0.72,Senior (3-7yr),0,49.5,1,25166,2,1
NRM-1373,31,Chitwan,4,Qatar,Security Guard,8.0,Hundi,25549,45,89,0,20104,5445,0,36931,112,0.973,0.0,1.0,0.807,1.84,0.656,0.063,1.271,1.0,0.8,Veteran (7+yr),0,51.8,1,28135,2,1
NRM-1374,40,Pokhara,4,Qatar,Driver,11.4,Hundi,37963,45,72,0,19512,18451,1,24014,30,0.996,0.4,0.912,0.811,1.23,0.668,0.336,1.946,1.0,0.8,Veteran (7+yr),0,58.9,1,37670,2,0
NRM-1375,53,Bhaktapur,2,Malaysia,Driver,7.4,Hundi,34623,60,1,59,9496,25127,0,79872,54,0.966,0.0,0.116,0.845,8.41,0.603,0.576,3.646,0.017,0.72,Veteran (7+yr),0,73.3,1,49214,3,1
NRM-1376,22,Bhaktapur,7,Qatar,Technician,9.1,Bank Transfer,46843,45,84,0,35378,11465,1,58502,36,0.995,0.32,1.0,0.855,1.65,0.847,0.095,1.324,1.0,0.8,Veteran (7+yr),0,57.9,1,38805,2,0
NRM-1377,26,Kathmandu,3,Qatar,Technician,6.3,Bank Transfer,39946,30,44,0,10935,29011,0,5470,55,0.986,0.0,0.696,0.875,0.5,0.893,0.576,3.653,1.0,0.8,Senior (3-7yr),0,68.5,1,57506,3,1
NRM-1378,25,Chitwan,3,Japan,Security Guard,7.8,Hundi,23975,45,87,0,16449,7526,0,14953,89,0.99,0.0,1.0,0.803,0.91,0.665,0.164,1.458,1.0,0.93,Veteran (7+yr),0,55.0,1,33159,2,1
NRM-1379,37,Kathmandu,6,Qatar,Technician,1.3,Bank Transfer,39930,45,75,0,28584,11346,0,38507,80,0.914,0.0,0.953,1.033,1.35,0.807,0.134,1.397,1.0,0.8,Mid (1-3yr),0,61.1,1,40261,3,1
NRM-1380,45,Lalitpur,3,Saudi Arabia,Domestic Worker,3.4,Bank Transfer,17302,30,39,0,16221,1081,0,6523,58,0.978,0.0,0.895,0.853,0.4,0.889,-0.088,1.067,1.0,0.68,Senior (3-7yr),1,50.8,1,23401,2,1
NRM-1381,37,Kathmandu,5,Japan,Construction,4.7,IME,24615,30,54,0,32200,-7585,0,57190,83,0.969,0.0,1.0,0.856,1.78,0.839,-0.458,0.764,1.0,0.93,Senior (3-7yr),0,57.8,1,20229,2,1
NRM-1382,23,Dharan,3,UAE,Construction,5.9,Prabhu Money,31451,15,88,0,17673,13778,0,47761,65,0.979,0.0,1.0,0.858,2.7,0.88,0.288,1.78,1.0,0.85,Senior (3-7yr),0,63.4,1,46447,3,1
NRM-1383,49,Kathmandu,6,Qatar,Construction,1.0,IME,27772,45,75,0,31632,-3860,2,31169,69,0.704,1.08,1.0,1.023,0.99,0.657,-0.289,0.878,1.0,0.8,New (<1yr),0,53.7,0,0,1,0
NRM-1384,53,Dharan,3,Qatar,Security Guard,2.1,IME,20344,45,29,16,13674,6670,0,45641,51,0.992,0.0,0.527,0.918,3.34,0.801,0.178,1.488,0.644,0.8,Mid (1-3yr),0,66.4,1,20594,2,1
NRM-1385,48,Pokhara,5,South Korea,Security Guard,3.7,Bank Transfer,18889,30,54,0,31245,-12356,1,22990,22,0.988,0.79,1.0,0.854,0.74,0.894,-0.804,0.605,1.0,0.95,Senior (3-7yr),0,56.8,1,19905,1,0
NRM-1386,41,Butwal,2,South Korea,Factory Worker,11.7,Prabhu Money,30062,30,16,14,11096,18966,1,29661,88,0.999,0.5,0.428,0.785,2.67,0.839,0.481,2.709,0.533,0.95,Veteran (7+yr),0,75.2,1,25446,2,0
NRM-1387,45,Bhaktapur,6,Malaysia,Construction,4.3,Bank Transfer,29720,30,20,10,33114,-3394,1,13419,107,0.956,0.5,0.779,0.884,0.41,0.878,-0.264,0.898,0.667,0.72,Senior (3-7yr),0,53.4,1,44358,3,0
NRM-1388,33,Dharan,2,Qatar,Domestic Worker,6.0,Prabhu Money,21859,30,46,0,7304,14555,0,14457,109,0.997,0.0,0.747,0.82,1.98,0.839,0.516,2.993,1.0,0.8,Senior (3-7yr),0,69.4,1,18088,1,1
NRM-1389,56,Chitwan,2,Malaysia,Technician,2.8,Prabhu Money,33485,60,67,0,11952,21533,1,67600,116,0.91,0.45,0.656,0.939,5.66,0.695,0.493,2.802,1.0,0.72,Mid (1-3yr),0,67.3,1,42138,3,0
NRM-1390,54,Kathmandu,2,Kuwait,Domestic Worker,7.5,Western Union,18468,30,65,0,8014,10454,1,76102,101,0.98,0.81,1.0,0.781,9.5,0.8,0.416,2.304,1.0,0.78,Veteran (7+yr),0,61.7,1,20497,2,0
NRM-1391,54,Dharan,4,Saudi Arabia,Technician,3.7,Prabhu Money,42965,15,58,0,15960,27005,1,33085,53,0.957,0.35,1.0,0.936,2.07,0.869,0.479,2.692,1.0,0.68,Senior (3-7yr),0,65.5,1,62911,3,0
NRM-1392,33,Chitwan,7,Kuwait,Construction,2.9,Hundi,24977,30,53,0,26908,-1931,1,50654,100,0.942,0.6,1.0,0.906,1.88,0.691,-0.227,0.928,1.0,0.78,Mid (1-3yr),0,52.6,1,24282,2,0
NRM-1393,24,Butwal,4,Malaysia,Construction,6.4,Bank Transfer,29110,45,1,44,21740,7370,2,6130,36,0.992,1.03,0.441,0.842,0.28,0.846,0.103,1.339,0.022,0.72,Senior (3-7yr),0,57.8,1,34130,2,0
NRM-1394,22,Butwal,7,Saudi Arabia,Construction,0.6,Hundi,28200,15,81,0,36827,-8627,1,2042,68,0.901,0.53,1.0,1.076,0.06,0.721,-0.456,0.766,1.0,0.68,New (<1yr),1,45.0,0,0,1,0
NRM-1395,54,Kathmandu,2,Saudi Arabia,Security Guard,0.6,Hundi,16345,45,66,0,7440,8905,0,70134,36,0.841,0.0,0.769,1.021,9.43,0.59,0.395,2.197,1.0,0.68,New (<1yr),0,61.6,1,21117,2,1
NRM-1396,31,Lalitpur,6,UAE,Technician,3.0,Bank Transfer,39428,30,29,1,32628,6800,1,42982,52,0.941,0.38,0.784,0.948,1.32,0.87,0.022,1.208,0.967,0.85,Mid (1-3yr),0,62.4,1,33419,2,0
NRM-1397,50,Kathmandu,7,Qatar,Security Guard,0.9,Western Union,16638,30,84,0,38094,-21456,0,65185,53,0.93,0.0,1.0,0.982,1.71,0.775,-1.0,0.437,1.0,0.8,New (<1yr),0,56.1,1,15567,1,1
NRM-1398,34,Pokhara,5,Saudi Arabia,Security Guard,1.7,Prabhu Money,19388,30,70,0,21110,-1722,1,33477,82,0.979,0.77,1.0,0.934,1.59,0.83,-0.239,0.918,1.0,0.68,Mid (1-3yr),0,55.0,1,18422,1,0
NRM-1399,33,Dharan,5,UAE,Driver,4.4,Bank Transfer,32056,30,8,22,20135,11921,0,52709,50,0.934,0.0,0.358,0.889,2.62,0.867,0.222,1.592,0.267,0.85,Senior (3-7yr),0,71.8,1,42208,3,1
NRM-1400,52,Bhaktapur,3,South Korea,Domestic Worker,9.7,IME,22244,30,29,1,15066,7178,0,28716,80,0.999,0.0,0.658,0.774,1.91,0.855,0.173,1.476,0.967,0.95,Veteran (7+yr),0,65.8,1,20740,2,1
NRM-1401,23,Lalitpur,7,Japan,Domestic Worker,7.1,Prabhu Money,23264,60,51,9,44716,-21452,1,78137,41,0.966,0.64,1.0,0.809,1.75,0.723,-1.0,0.52,0.85,0.93,Veteran (7+yr),0,54.2,1,27950,2,0
NRM-1402,56,Kathmandu,6,Malaysia,Factory Worker,6.4,Prabhu Money,27192,45,33,12,30984,-3792,1,36018,18,0.963,0.55,0.816,0.835,1.16,0.772,-0.289,0.878,0.733,0.72,Senior (3-7yr),0,55.4,1,25850,2,0
NRM-1403,44,Chitwan,4,Qatar,Security Guard,3.9,Prabhu Money,20768,60,3,57,15920,4848,0,8061,22,0.977,0.0,0.327,0.858,0.51,0.729,0.083,1.305,0.05,0.8,Senior (3-7yr),0,60.0,1,29140,2,1
NRM-1404,38,Lalitpur,2,UAE,Technician,11.2,Hundi,40421,30,60,0,12954,27467,0,8609,66,0.996,0.0,0.928,0.819,0.66,0.718,0.53,3.12,1.0,0.85,Veteran (7+yr),0,61.3,1,58995,3,1
NRM-1405,47,Dharan,3,Qatar,Driver,5.1,Prabhu Money,28309,60,35,25,16113,12196,1,35371,21,0.991,0.53,0.528,0.862,2.2,0.736,0.281,1.757,0.583,0.8,Senior (3-7yr),0,66.0,1,32921,2,0
NRM-1406,29,Lalitpur,5,Saudi Arabia,Driver,1.5,IME,25639,30,69,0,32095,-6456,0,20805,100,0.861,0.0,1.0,0.975,0.65,0.785,-0.402,0.799,1.0,0.68,Mid (1-3yr),0,51.0,1,26834,2,1
NRM-1407,50,Dharan,4,Malaysia,Domestic Worker,7.6,Bank Transfer,18557,30,76,0,19848,-1291,1,7857,44,0.975,0.81,1.0,0.78,0.4,0.887,-0.22,0.935,1.0,0.72,Veteran (7+yr),1,48.7,1,17885,1,0
NRM-1408,47,Kathmandu,4,Kuwait,Security Guard,1.8,Hundi,19427,15,84,0,19700,-273,0,11620,103,0.87,0.0,1.0,0.929,0.59,0.705,-0.164,0.986,1.0,0.78,Mid (1-3yr),0,49.2,1,16218,1,1
NRM-1409,31,Dharan,2,UAE,Factory Worker,4.5,Western Union,24913,15,20,0,7688,17225,1,8177,47,0.938,0.6,0.723,0.862,1.06,0.829,0.541,3.241,1.0,0.85,Senior (3-7yr),0,71.4,1,24612,2,0
NRM-1410,47,Lalitpur,7,South Korea,Security Guard,6.3,Bank Transfer,25499,45,73,0,24808,691,1,30111,39,0.967,0.59,1.0,0.831,1.21,0.834,-0.123,1.028,1.0,0.95,Senior (3-7yr),0,57.6,1,32076,2,0
NRM-1411,55,Chitwan,5,South Korea,Construction,10.6,Western Union,33476,30,39,0,27840,5636,0,11826,29,0.996,0.0,0.853,0.806,0.42,0.808,0.018,1.202,1.0,0.95,Veteran (7+yr),0,53.3,1,39285,2,1
NRM-1412,28,Butwal,6,UAE,Security Guard,6.2,Western Union,25321,30,4,26,30942,-5621,0,13890,54,0.988,0.0,0.542,0.832,0.45,0.804,-0.372,0.818,0.133,0.85,Senior (3-7yr),0,56.7,1,36989,2,1
NRM-1413,25,Lalitpur,4,South Korea,Construction,8.6,Bank Transfer,26203,30,19,11,21548,4655,0,58031,90,0.971,0.0,0.582,0.802,2.69,0.885,0.028,1.216,0.633,0.95,Veteran (7+yr),0,65.2,1,28230,2,1
NRM-1414,32,Dharan,2,UAE,Construction,11.9,Hundi,30674,30,45,0,12840,17834,1,75020,85,0.995,0.49,0.834,0.786,5.84,0.717,0.431,2.389,1.0,0.85,Veteran (7+yr),0,63.6,1,39437,2,0
NRM-1415,50,Butwal,6,UAE,Factory Worker,2.0,IME,24493,30,43,0,33570,-9077,0,5495,17,0.989,0.0,1.0,0.941,0.16,0.85,-0.521,0.73,1.0,0.85,Mid (1-3yr),1,49.7,1,27983,2,1
NRM-1416,57,Dharan,7,Saudi Arabia,Technician,3.7,Hundi,37851,30,13,17,35098,2753,1,28481,80,0.943,0.4,0.611,0.923,0.81,0.691,-0.077,1.078,0.433,0.68,Senior (3-7yr),0,55.3,1,43861,3,0
NRM-1417,46,Chitwan,5,UAE,Domestic Worker,5.0,Bank Transfer,16129,45,13,32,30490,-14361,0,11267,60,0.976,0.0,0.872,0.808,0.37,0.838,-1.0,0.529,0.289,0.85,Senior (3-7yr),0,51.4,1,15926,1,1
NRM-1418,42,Dharan,7,Saudi Arabia,Security Guard,5.4,Bank Transfer,25351,45,60,0,40838,-15487,0,6743,31,0.949,0.0,1.0,0.845,0.17,0.824,-0.761,0.621,1.0,0.68,Senior (3-7yr),1,45.2,1,28354,2,1
NRM-1419,57,Kathmandu,4,Saudi Arabia,Construction,5.2,Bank Transfer,30172,30,57,0,18004,12168,0,54800,115,0.962,0.0,0.999,0.867,3.04,0.881,0.253,1.676,1.0,0.68,Senior (3-7yr),0,60.3,1,34080,2,1
NRM-1420,31,Bhaktapur,6,Saudi Arabia,Security Guard,10.9,Prabhu Money,27958,30,86,0,27198,760,0,48773,73,0.998,0.0,1.0,0.785,1.79,0.839,-0.123,1.028,1.0,0.68,Veteran (7+yr),0,53.0,1,36195,2,1
NRM-1421,30,Lalitpur,6,UAE,Technician,8.7,Bank Transfer,36424,30,52,0,36534,-110,1,57042,95,0.967,0.41,1.0,0.834,1.56,0.884,-0.153,0.997,1.0,0.85,Veteran (7+yr),0,57.4,1,53122,3,0
NRM-1422,45,Bhaktapur,6,Saudi Arabia,Domestic Worker,7.5,Western Union,22315,45,53,0,33240,-10925,1,49476,78,0.99,0.67,1.0,0.8,1.49,0.755,-0.64,0.671,1.0,0.68,Veteran (7+yr),0,51.1,1,22996,2,0
NRM-1423,56,Dharan,4,Saudi Arabia,Technician,4.1,Bank Transfer,39468,30,86,0,25212,14256,1,28552,49,0.975,0.38,1.0,0.917,1.13,0.888,0.211,1.565,1.0,0.68,Senior (3-7yr),0,60.4,1,32740,2,0
NRM-1424,56,Chitwan,4,Saudi Arabia,Domestic Worker,10.0,Bank Transfer,24400,30,43,0,15092,9308,0,65242,101,0.988,0.0,0.821,0.78,4.32,0.894,0.231,1.617,1.0,0.68,Veteran (7+yr),0,61.6,1,27996,2,1
NRM-1425,57,Lalitpur,7,UAE,Driver,11.5,IME,37241,15,83,0,31185,6056,2,45772,2,0.999,0.81,1.0,0.808,1.47,0.904,0.013,1.194,1.0,0.85,Veteran (7+yr),0,57.7,1,43986,3,0
NRM-1426,39,Dharan,3,Qatar,Domestic Worker,9.9,Western Union,24436,30,72,0,18441,5995,1,43730,116,0.985,0.61,1.0,0.781,2.37,0.802,0.095,1.325,1.0,0.8,Veteran (7+yr),0,55.7,1,22430,2,0
NRM-1427,53,Butwal,7,Saudi Arabia,Factory Worker,0.5,Bank Transfer,22144,30,72,0,36953,-14809,2,28948,48,0.926,1.35,1.0,1.07,0.78,0.863,-0.819,0.599,1.0,0.68,New (<1yr),0,55.6,0,0,1,0
NRM-1428,45,Pokhara,5,Qatar,Technician,7.8,Hundi,36664,45,42,3,19400,17264,0,76311,110,0.985,0.0,0.585,0.846,3.93,0.662,0.321,1.89,0.933,0.8,Veteran (7+yr),0,63.9,1,54609,3,1
NRM-1429,44,Dharan,2,Saudi Arabia,Construction,1.1,Bank Transfer,26002,30,26,4,9704,16298,0,69093,14,0.904,0.0,0.496,1.007,7.12,0.852,0.477,2.68,0.867,0.68,Mid (1-3yr),0,73.7,1,38016,2,1
NRM-1430,53,Bhaktapur,6,Malaysia,Driver,3.5,Hundi,29594,30,23,7,23868,5726,0,69123,59,0.934,0.0,0.629,0.904,2.9,0.687,0.043,1.24,0.767,0.72,Senior (3-7yr),0,58.0,1,27758,2,1
NRM-1431,33,Lalitpur,3,UAE,Factory Worker,1.2,Western Union,24498,45,43,2,16686,7812,1,16535,97,0.799,0.61,0.721,0.992,0.99,0.66,0.169,1.468,0.956,0.85,Mid (1-3yr),0,61.6,1,34609,2,0
NRM-1432,34,Bhaktapur,2,Saudi Arabia,Security Guard,7.4,Bank Transfer,22509,45,77,0,8030,14479,0,66490,99,0.994,0.0,0.827,0.802,8.28,0.847,0.493,2.803,1.0,0.68,Veteran (7+yr),0,65.9,1,29107,2,1
NRM-1433,44,Lalitpur,3,Kuwait,Technician,8.4,Bank Transfer,37854,30,28,2,11070,26784,0,46562,58,0.987,0.0,0.49,0.841,4.21,0.893,0.558,3.42,0.933,0.78,Veteran (7+yr),0,75.4,1,42309,3,1
NRM-1434,46,Dharan,7,South Korea,Construction,1.8,Bank Transfer,28481,30,9,21,32837,-4356,0,58535,103,0.938,0.0,0.581,0.967,1.78,0.869,-0.303,0.867,0.3,0.95,Mid (1-3yr),0,66.8,1,33562,2,1
NRM-1435,56,Kathmandu,4,Kuwait,Domestic Worker,4.9,Prabhu Money,20144,30,20,10,24672,-4528,1,41269,58,0.991,0.74,0.823,0.832,1.67,0.835,-0.375,0.816,0.667,0.78,Senior (3-7yr),0,57.7,1,28095,2,0
NRM-1436,51,Butwal,6,Malaysia,Construction,5.7,Prabhu Money,31756,60,56,4,27960,3796,1,42462,111,0.958,0.47,0.792,0.863,1.52,0.719,-0.03,1.136,0.933,0.72,Senior (3-7yr),0,54.8,1,36077,2,0
NRM-1437,38,Dharan,7,Qatar,Security Guard,4.7,Bank Transfer,24471,30,83,0,39907,-15436,0,3127,51,0.955,0.0,1.0,0.856,0.08,0.877,-0.781,0.613,1.0,0.8,Senior (3-7yr),1,47.6,1,25969,2,1
NRM-1438,41,Bhaktapur,2,Qatar,Driver,1.9,IME,28092,60,39,21,9822,18270,0,23147,84,0.97,0.0,0.4,0.96,2.36,0.74,0.5,2.86,0.65,0.8,Mid (1-3yr),0,73.9,1,32173,2,1
NRM-1439,46,Pokhara,2,UAE,Driver,5.3,Bank Transfer,31354,45,51,0,7542,23812,1,45528,2,0.979,0.48,0.616,0.869,6.04,0.84,0.609,4.157,1.0,0.85,Senior (3-7yr),0,74.7,1,37793,2,0
NRM-1440,43,Pokhara,2,Qatar,Technician,9.1,Bank Transfer,47438,30,12,18,7284,40154,2,77095,115,0.997,0.63,0.355,0.856,10.58,0.898,0.696,6.513,0.4,0.8,Veteran (7+yr),0,80.9,1,44229,3,0
NRM-1441,34,Chitwan,2,UAE,Driver,1.3,IME,27438,15,79,0,10824,16614,1,68931,41,0.855,0.55,1.0,0.996,6.37,0.833,0.456,2.535,1.0,0.85,Mid (1-3yr),0,67.6,1,39253,2,0
NRM-1442,40,Lalitpur,2,UAE,Technician,1.4,Prabhu Money,37941,30,55,0,9184,28757,2,66381,83,0.974,0.79,0.963,1.021,7.23,0.827,0.608,4.131,1.0,0.85,Mid (1-3yr),0,71.5,1,48258,3,0
NRM-1443,57,Bhaktapur,3,Saudi Arabia,Technician,4.6,Prabhu Money,34314,30,78,0,17382,16932,1,63749,101,0.936,0.44,1.0,0.892,3.67,0.808,0.343,1.974,1.0,0.68,Senior (3-7yr),0,60.6,1,42662,3,0
NRM-1444,33,Chitwan,7,Malaysia,Technician,11.3,Hundi,43800,30,11,19,30009,13791,1,38672,82,0.979,0.34,0.487,0.826,1.29,0.71,0.165,1.46,0.367,0.72,Veteran (7+yr),0,61.9,1,38090,2,0
NRM-1445,40,Bhaktapur,6,Malaysia,Domestic Worker,8.2,Bank Transfer,22600,45,26,19,33756,-11156,0,13731,16,0.986,0.0,0.829,0.792,0.41,0.843,-0.644,0.67,0.578,0.72,Veteran (7+yr),0,50.4,1,27638,2,1
NRM-1446,33,Lalitpur,4,UAE,Factory Worker,8.3,IME,26407,60,42,18,20724,5683,1,54512,4,0.979,0.57,0.661,0.807,2.63,0.745,0.065,1.274,0.7,0.85,Veteran (7+yr),0,59.9,1,23361,2,0
NRM-1447,30,Dharan,4,Malaysia,Technician,4.7,Bank Transfer,34989,30,27,3,16488,18501,1,51024,12,0.942,0.43,0.615,0.892,3.09,0.871,0.379,2.122,0.9,0.72,Senior (3-7yr),0,69.3,1,29918,2,0
NRM-1448,28,Dharan,7,UAE,Technician,7.3,Hundi,38519,45,11,34,42504,-3985,1,3832,29,0.977,0.39,0.606,0.857,0.09,0.659,-0.253,0.906,0.244,0.85,Veteran (7+yr),0,48.9,1,45033,3,0
NRM-1449,49,Pokhara,7,South Korea,Factory Worker,0.6,Bank Transfer,20012,15,38,0,44233,-24221,0,32332,7,0.913,0.0,1.0,1.041,0.73,0.906,-1.0,0.452,1.0,0.95,New (<1yr),0,59.8,1,21651,2,0
NRM-1450,35,Dharan,4,Qatar,Construction,7.8,Western Union,27370,30,43,0,17748,9622,0,12467,14,0.985,0.0,0.833,0.816,0.7,0.803,0.202,1.542,1.0,0.8,Veteran (7+yr),0,57.9,1,33177,2,1
NRM-1451,52,Dharan,4,Kuwait,Technician,11.0,Bank Transfer,42923,30,19,11,18472,24451,0,41025,119,0.977,0.0,0.425,0.827,2.22,0.889,0.42,2.324,0.633,0.78,Veteran (7+yr),0,73.4,1,37019,2,1
NRM-1452,40,Kathmandu,3,Saudi Arabia,Domestic Worker,7.5,Bank Transfer,23093,30,64,0,12348,10745,0,13107,12,0.974,0.0,1.0,0.803,1.06,0.887,0.315,1.87,1.0,0.68,Veteran (7+yr),0,60.7,1,25441,2,0
NRM-1453,37,Pokhara,5,UAE,Driver,10.5,Prabhu Money,34117,60,6,54,22655,11462,0,77994,99,0.981,0.0,0.306,0.809,3.44,0.731,0.186,1.506,0.1,0.85,Veteran (7+yr),0,67.3,1,31467,2,1
NRM-1454,26,Chitwan,6,Qatar,Driver,8.8,Bank Transfer,29725,45,46,0,21396,8329,1,43481,5,0.97,0.5,0.763,0.813,2.03,0.835,0.13,1.389,1.0,0.8,Veteran (7+yr),0,61.2,1,44319,3,0
NRM-1455,56,Butwal,2,UAE,Security Guard,1.9,Hundi,17458,15,42,0,7380,10078,0,2581,81,0.859,0.0,1.0,0.913,0.35,0.699,0.427,2.366,1.0,0.85,Mid (1-3yr),0,56.0,1,20823,2,1
NRM-1456,33,Kathmandu,5,Qatar,Security Guard,10.9,Bank Transfer,28993,30,65,0,31575,-2582,0,75118,106,0.975,0.0,1.0,0.789,2.38,0.887,-0.239,0.918,1.0,0.8,Veteran (7+yr),0,56.0,1,37145,2,1
NRM-1457,46,Chitwan,7,Qatar,Driver,1.3,Bank Transfer,25576,30,72,0,28140,-2564,0,51638,32,0.978,0.0,1.0,0.989,1.84,0.889,-0.25,0.909,1.0,0.8,Mid (1-3yr),0,59.1,1,26286,2,1
NRM-1458,42,Lalitpur,4,Saudi Arabia,Driver,6.6,Bank Transfer,33987,30,59,0,17956,16031,1,8418,74,0.975,0.44,1.0,0.855,0.47,0.888,0.322,1.893,1.0,0.68,Senior (3-7yr),0,56.4,1,29443,2,0
NRM-1459,57,Kathmandu,5,UAE,Domestic Worker,2.1,Bank Transfer,17407,45,52,0,23200,-5793,0,29113,43,0.894,0.0,0.995,0.902,1.25,0.797,-0.483,0.75,1.0,0.85,Mid (1-3yr),0,56.3,1,25816,2,1
NRM-1460,44,Chitwan,6,Saudi Arabia,Factory Worker,0.6,IME,24449,45,47,0,34884,-10435,0,63044,81,0.622,0.0,0.989,1.062,1.81,0.616,-0.577,0.701,1.0,0.68,New (<1yr),0,51.7,1,24458,2,0
NRM-1461,37,Lalitpur,7,Kuwait,Security Guard,5.4,Bank Transfer,21623,30,7,23,35938,-14315,1,79955,69,0.966,0.69,0.825,0.83,2.22,0.883,-0.812,0.602,0.233,0.78,Senior (3-7yr),0,58.8,1,23713,2,0
NRM-1462,35,Pokhara,2,Saudi Arabia,Factory Worker,3.9,Prabhu Money,26258,30,11,19,12064,14194,0,61030,45,0.987,0.0,0.33,0.881,5.06,0.834,0.391,2.177,0.367,0.68,Senior (3-7yr),0,72.1,1,32951,2,1
NRM-1463,52,Butwal,2,Saudi Arabia,Domestic Worker,6.1,Hundi,18432,30,61,0,9374,9058,2,11814,106,0.961,1.63,1.0,0.801,1.26,0.7,0.341,1.966,1.0,0.68,Senior (3-7yr),0,56.5,1,15064,1,0
NRM-1464,26,Lalitpur,6,Qatar,Driver,7.1,Hundi,35501,30,68,0,23250,12251,2,10024,9,0.97,0.85,1.0,0.852,0.43,0.705,0.195,1.527,1.0,0.8,Veteran (7+yr),0,50.6,1,48536,3,0
NRM-1465,56,Dharan,6,Malaysia,Technician,1.0,Hundi,37672,30,25,5,24912,12760,0,63288,49,0.974,0.0,0.598,1.054,2.54,0.707,0.189,1.512,0.833,0.72,New (<1yr),0,64.1,1,44287,3,1
NRM-1466,44,Bhaktapur,4,UAE,Factory Worker,1.9,Hundi,21716,30,12,18,16192,5524,0,57836,33,0.927,0.0,0.458,0.934,3.57,0.683,0.104,1.341,0.4,0.85,Mid (1-3yr),0,64.0,1,21602,2,1
NRM-1467,50,Lalitpur,2,Japan,Driver,6.9,IME,28980,45,26,19,9194,19786,1,7435,100,0.992,0.52,0.425,0.834,0.81,0.801,0.533,3.152,0.578,0.93,Senior (3-7yr),0,73.9,1,24433,2,0
NRM-1468,32,Lalitpur,7,Malaysia,Driver,4.4,Bank Transfer,26233,45,12,33,25004,1229,0,67084,100,0.977,0.0,0.488,0.869,2.68,0.838,-0.103,1.049,0.267,0.72,Senior (3-7yr),0,62.5,1,23970,2,1
NRM-1469,39,Butwal,5,UAE,Construction,8.9,Bank Transfer,32448,15,43,0,29275,3173,0,70601,18,0.999,0.0,1.0,0.82,2.41,0.95,-0.052,1.108,1.0,0.85,Veteran (7+yr),0,58.8,1,46287,3,1
NRM-1470,33,Bhaktapur,7,Qatar,Factory Worker,8.0,IME,25749,30,51,0,25886,-137,0,3407,9,0.985,0.0,1.0,0.808,0.13,0.847,-0.155,0.995,1.0,0.8,Veteran (7+yr),1,46.6,1,32964,2,0
NRM-1471,30,Dharan,3,South Korea,Technician,10.2,Prabhu Money,44498,30,37,0,15843,28655,2,32940,62,0.984,0.67,0.769,0.838,2.08,0.832,0.494,2.809,1.0,0.95,Veteran (7+yr),0,71.0,1,43382,3,0
NRM-1472,31,Chitwan,3,Malaysia,Factory Worker,8.5,IME,26517,30,46,0,12213,14304,0,5666,57,0.978,0.0,0.798,0.805,0.46,0.844,0.389,2.171,1.0,0.72,Veteran (7+yr),0,59.4,1,22431,2,1
NRM-1473,38,Chitwan,6,Qatar,Driver,5.4,Hundi,31508,45,53,0,25740,5768,1,37122,29,0.963,0.48,0.865,0.867,1.44,0.652,0.033,1.224,1.0,0.8,Senior (3-7yr),0,54.0,1,40438,3,0
NRM-1474,28,Lalitpur,4,UAE,Technician,8.2,IME,45754,15,88,0,20552,25202,1,25092,114,0.969,0.33,1.0,0.863,1.22,0.89,0.401,2.226,1.0,0.85,Veteran (7+yr),0,66.0,1,54936,3,0
NRM-1475,34,Bhaktapur,3,Malaysia,Domestic Worker,3.7,Hundi,19339,30,80,0,15993,3346,0,75645,78,0.983,0.0,1.0,0.856,4.73,0.711,0.023,1.209,1.0,0.72,Senior (3-7yr),0,51.9,1,20947,2,1
NRM-1476,30,Bhaktapur,2,Qatar,Construction,4.0,Hundi,29107,30,13,17,10710,18397,0,26505,25,0.991,0.0,0.321,0.889,2.47,0.715,0.482,2.718,0.433,0.8,Senior (3-7yr),0,73.0,1,30694,2,1
NRM-1477,48,Dharan,7,Kuwait,Driver,9.6,Bank Transfer,30363,45,89,0,35070,-4707,2,36713,15,0.973,0.99,1.0,0.806,1.05,0.837,-0.305,0.866,1.0,0.78,Veteran (7+yr),0,54.7,1,28898,2,0
NRM-1478,23,Butwal,7,UAE,Security Guard,5.6,Hundi,20498,30,54,0,32718,-12220,0,54387,6,0.992,0.0,1.0,0.821,1.66,0.716,-0.746,0.627,1.0,0.85,Senior (3-7yr),0,53.0,1,26006,2,0
NRM-1479,26,Pokhara,6,Qatar,Security Guard,9.7,Bank Transfer,28052,30,57,0,22068,5984,1,43169,42,0.97,0.53,1.0,0.797,1.96,0.885,0.063,1.271,1.0,0.8,Veteran (7+yr),0,57.3,1,41502,3,0
NRM-1480,50,Chitwan,5,Malaysia,Construction,10.0,Bank Transfer,30473,30,4,26,28720,1753,0,73282,29,0.975,0.0,0.43,0.802,2.55,0.887,-0.092,1.061,0.133,0.72,Veteran (7+yr),0,63.6,1,28126,2,1
NRM-1481,40,Butwal,6,UAE,Domestic Worker,10.4,IME,22797,45,75,0,25404,-2607,0,77511,79,0.986,0.0,1.0,0.769,3.05,0.798,-0.264,0.897,1.0,0.85,Veteran (7+yr),0,54.2,1,27766,2,1
NRM-1482,29,Kathmandu,5,UAE,Driver,11.0,Bank Transfer,29995,60,49,11,28180,1815,0,51742,93,0.973,0.0,0.702,0.791,1.84,0.787,-0.089,1.064,0.817,0.85,Veteran (7+yr),0,58.8,1,32902,2,1
NRM-1483,22,Chitwan,6,Qatar,Factory Worker,5.5,Bank Transfer,24076,30,7,23,25788,-1712,0,40522,4,0.995,0.0,0.522,0.838,1.57,0.897,-0.221,0.934,0.233,0.8,Senior (3-7yr),0,64.2,1,26788,2,0
NRM-1484,43,Butwal,6,Qatar,Construction,4.2,Bank Transfer,22904,45,11,34,25722,-2818,0,3880,82,0.978,0.0,0.547,0.86,0.15,0.839,-0.273,0.89,0.244,0.8,Senior (3-7yr),0,54.2,1,22397,2,1
NRM-1485,38,Chitwan,6,Saudi Arabia,Domestic Worker,7.2,Prabhu Money,22695,60,54,6,37770,-15075,1,43454,114,0.973,0.66,1.0,0.806,1.15,0.727,-0.814,0.601,0.9,0.68,Veteran (7+yr),0,50.5,1,31264,2,0
NRM-1486,28,Pokhara,5,UAE,Factory Worker,4.8,Hundi,23387,60,87,0,18540,4847,0,55711,57,0.978,0.0,0.897,0.849,3.0,0.609,0.057,1.261,1.0,0.85,Senior (3-7yr),0,53.4,1,26653,2,1
NRM-1487,46,Kathmandu,5,Saudi Arabia,Security Guard,7.4,Hundi,25221,30,45,0,19960,5261,0,43539,49,0.962,0.0,0.917,0.813,2.18,0.701,0.059,1.264,1.0,0.68,Veteran (7+yr),0,52.3,1,29770,2,1
NRM-1488,25,Pokhara,6,Malaysia,Security Guard,8.6,IME,22552,30,23,7,37272,-14720,0,68321,44,0.998,0.0,0.968,0.787,1.83,0.854,-0.803,0.605,0.767,0.72,Veteran (7+yr),0,54.4,1,22852,2,1
NRM-1489,57,Dharan,3,Saudi Arabia,Factory Worker,8.4,IME,29654,30,28,2,15471,14183,1,14799,103,0.98,0.51,0.649,0.817,0.96,0.845,0.328,1.917,0.933,0.68,Veteran (7+yr),0,65.0,1,27497,2,0
NRM-1490,27,Kathmandu,4,Qatar,Construction,4.8,Bank Transfer,25916,45,57,0,25672,244,0,60102,80,0.963,0.0,0.903,0.859,2.34,0.832,-0.141,1.01,1.0,0.8,Senior (3-7yr),0,57.1,1,22291,2,1
NRM-1491,52,Lalitpur,4,UAE,Security Guard,2.4,Western Union,23605,30,26,4,16924,6681,1,50726,75,0.918,0.64,0.7,0.919,3.0,0.769,0.133,1.395,0.867,0.85,Mid (1-3yr),0,62.9,1,30683,2,0
NRM-1492,40,Butwal,4,South Korea,Driver,5.5,IME,33737,45,25,20,18516,15221,0,48784,14,0.986,0.0,0.442,0.872,2.63,0.798,0.301,1.822,0.556,0.95,Senior (3-7yr),0,71.7,1,31623,2,1
NRM-1493,48,Kathmandu,5,Malaysia,Technician,2.1,Western Union,34508,30,54,0,25525,8983,0,43333,3,0.948,0.0,1.0,0.971,1.7,0.784,0.11,1.352,1.0,0.72,Mid (1-3yr),0,57.2,1,44275,3,0
NRM-1494,31,Dharan,5,Saudi Arabia,Factory Worker,10.7,Bank Transfer,33367,45,29,16,31225,2142,0,40828,115,0.976,0.0,0.632,0.805,1.31,0.838,-0.086,1.069,0.644,0.68,Veteran (7+yr),0,58.7,1,35811,2,1
NRM-1495,47,Dharan,3,Qatar,Factory Worker,4.5,IME,29169,45,83,0,12279,16890,1,69526,114,0.987,0.51,0.973,0.878,5.66,0.799,0.429,2.376,1.0,0.8,Senior (3-7yr),0,64.1,1,31824,2,0
NRM-1496,40,Pokhara,4,UAE,Security Guard,2.3,Hundi,23017,30,36,0,25732,-2715,0,54362,62,0.892,0.0,0.927,0.921,2.11,0.666,-0.268,0.894,1.0,0.85,Mid (1-3yr),0,54.3,1,25972,2,1
NRM-1497,24,Chitwan,4,Malaysia,Construction,0.8,Bank Transfer,27282,45,14,31,25596,1686,0,53997,106,0.789,0.0,0.5,1.044,2.11,0.745,-0.088,1.066,0.311,0.72,New (<1yr),0,62.6,1,28847,2,0
NRM-1498,34,Kathmandu,6,South Korea,Driver,7.9,Hundi,29585,30,78,0,28290,1295,0,50341,64,0.971,0.0,1.0,0.823,1.78,0.706,-0.106,1.046,1.0,0.95,Veteran (7+yr),0,54.2,1,25751,2,1
NRM-1499,49,Butwal,5,Saudi Arabia,Construction,7.8,Bank Transfer,30536,45,35,10,19120,11416,1,19073,102,0.973,0.49,0.628,0.827,1.0,0.836,0.224,1.597,0.778,0.68,Veteran (7+yr),0,63.6,1,31047,2,0
